codigo,categoria,subcategoria,nombre,descripcion,descripcion_original,caracteristicas,precio,stock,imagen,destacado,pagina_pdf
PM.50,Energía Solar,Paneles Solares Monocristalino,Panel Solar Monocristalino 50W,"Panel Solar Monocristalino 50W. Pensado para instalaciones solares en motorhomes, casas rodantes y sistemas off-grid.","Panel Solar Monocristalino 50W - 71 x 40 x 2,5 cm - 3,2kg - 12v (Conexion C/Pinzas)","• Código: PM.50
• 71 x 40 x 2,5 cm
• 3,2kg
• 12v (Conexion C/Pinzas)",0,0,https://rc-conversiones.vercel.app/images/productos/pm-50.webp,0,1
PM.100,Energía Solar,Paneles Solares Monocristalino,Panel Solar Monocristalino 100W,"Panel Solar Monocristalino 100W. Pensado para instalaciones solares en motorhomes, casas rodantes y sistemas off-grid.",Panel Solar Monocristalino 100W - 77 x 70 x 3 cm - 6kg - 12v,"• Código: PM.100
• 77 x 70 x 3 cm
• 6kg
• 12v",0,0,https://rc-conversiones.vercel.app/images/productos/pm-100.webp,0,1
PM.160,Energía Solar,Paneles Solares Monocristalino,Panel Solar Monocristalino 160W,"Panel Solar Monocristalino 160W. Pensado para instalaciones solares en motorhomes, casas rodantes y sistemas off-grid.","Panel Solar Monocristalino 160W - 122 x 57,5 x 3 cm - 6,5kg - 12v","• Código: PM.160
• 122 x 57,5 x 3 cm
• 6,5kg
• 12v",0,0,https://rc-conversiones.vercel.app/images/productos/pm-160.webp,0,1
PM.180,Energía Solar,Paneles Solares Monocristalino,Panel Solar Monocristalino 180W,"Panel Solar Monocristalino 180W. Pensado para instalaciones solares en motorhomes, casas rodantes y sistemas off-grid.","Panel Solar Monocristalino 180W - 116 x 76 x 3 cm - 8,8kg -12v","• Código: PM.180
• 116 x 76 x 3 cm
• 8,8kg -12v",0,0,https://rc-conversiones.vercel.app/images/productos/pm-180.webp,0,1
PM.190,Energía Solar,Paneles Solares Monocristalino,Panel Solar Monocristalino 190W,"Panel Solar Monocristalino 190W. Pensado para instalaciones solares en motorhomes, casas rodantes y sistemas off-grid.","Panel Solar Monocristalino 190W - 124 x 77 x 3 cm - 10,2kg - 12v","• Código: PM.190
• 124 x 77 x 3 cm
• 10,2kg
• 12v",0,0,https://rc-conversiones.vercel.app/images/productos/pm-190.webp,0,1
PM.200,Energía Solar,Paneles Solares Monocristalino,Panel Solar Monocristalino 200W,"Panel Solar Monocristalino 200W. Pensado para instalaciones solares en motorhomes, casas rodantes y sistemas off-grid.","Panel Solar Monocristalino 200W - 148 x 67 x 3,5 cm - 11 kg - 12v","• Código: PM.200
• 148 x 67 x 3,5 cm
• 11 kg
• 12v",0,0,https://rc-conversiones.vercel.app/images/productos/pm-200.webp,0,1
PM.210,Energía Solar,Paneles Solares Monocristalino,Panel Solar Monocristalino 210W,"Panel Solar Monocristalino 210W. Pensado para instalaciones solares en motorhomes, casas rodantes y sistemas off-grid.","Panel Solar Monocristalino 210W  - 135 x 77 x 3 cm 11,3kg - 12v","• Código: PM.210
• 135 x 77 x 3 cm 11,3kg
• 12v",0,0,https://rc-conversiones.vercel.app/images/productos/pm-210.webp,0,1
PM.240,Energía Solar,Paneles Solares Monocristalino,Panel Solar Monocristalino 240W,"Panel Solar Monocristalino 240W. Pensado para instalaciones solares en motorhomes, casas rodantes y sistemas off-grid.","Panel Solar Monocristalino 240W - 134 x 88 x 3,5 cm - 12 kg - 12v","• Código: PM.240
• 134 x 88 x 3,5 cm
• 12 kg
• 12v",0,0,https://rc-conversiones.vercel.app/images/productos/pm-240.webp,0,2
PM.280,Energía Solar,Paneles Solares Monocristalino,Panel Solar Monocristalino 280W,"Panel Solar Monocristalino 280W. Pensado para instalaciones solares en motorhomes, casas rodantes y sistemas off-grid.","Panel Solar Monocristalino 280W - 164 x 99,2 x 3,5 cm 18,5kg - 24v","• Código: PM.280
• 164 x 99,2 x 3,5 cm 18,5kg
• 24v",0,0,https://rc-conversiones.vercel.app/images/productos/pm-280.webp,0,2
PM.380,Energía Solar,Paneles Solares Monocristalino,Panel Solar Monocristalino 380W,"Panel Solar Monocristalino 380W. Pensado para instalaciones solares en motorhomes, casas rodantes y sistemas off-grid.","Panel Solar Monocristalino 380W - 176 x 103,8 x 3,5 cm - 20kg - 24v","• Código: PM.380
• 176 x 103,8 x 3,5 cm
• 20kg
• 24v",0,0,https://rc-conversiones.vercel.app/images/productos/pm-380.webp,0,2
PM.420,Energía Solar,Paneles Solares Monocristalino,Panel Solar Monocristalino 420W,"Panel Solar Monocristalino 420W. Pensado para instalaciones solares en motorhomes, casas rodantes y sistemas off-grid.","Panel Solar Monocristalino 420W  - 172,2 x 113,4 x 3 cm 19,2kg - 24v","• Código: PM.420
• 172,2 x 113,4 x 3 cm 19,2kg
• 24v",0,0,https://rc-conversiones.vercel.app/images/productos/pm-420.webp,0,2
PM.430,Energía Solar,Paneles Solares Monocristalino,Panel Solar Monocristalino 430W,"Panel Solar Monocristalino 430W. Pensado para instalaciones solares en motorhomes, casas rodantes y sistemas off-grid.","Panel Solar Monocristalino 430W - 172,2 x 113,4 x 3 cm - 20,5 kg - 24v","• Código: PM.430
• 172,2 x 113,4 x 3 cm
• 20,5 kg
• 24v",0,0,https://rc-conversiones.vercel.app/images/productos/pm-430.webp,0,2
PM.440,Energía Solar,Paneles Solares Monocristalino,Panel Solar Monocristalino 440W,"Panel Solar Monocristalino 440W. Pensado para instalaciones solares en motorhomes, casas rodantes y sistemas off-grid.","Panel Solar Monocristalino 440W - 176,2 x 113,4 x 3 cm - 21 kg - 24v","• Código: PM.440
• 176,2 x 113,4 x 3 cm
• 21 kg
• 24v",0,0,https://rc-conversiones.vercel.app/images/productos/pm-440.webp,0,2
PM.450,Energía Solar,Paneles Solares Monocristalino,Panel Solar Monocristalino 450W,"Panel Solar Monocristalino 450W. Pensado para instalaciones solares en motorhomes, casas rodantes y sistemas off-grid.","Panel Solar Monocristalino 450W - 210 x 103,8 x 3,5 cm - 24kg - 24v","• Código: PM.450
• 210 x 103,8 x 3,5 cm
• 24kg
• 24v",0,0,https://rc-conversiones.vercel.app/images/productos/pm-450.webp,0,2
PM.470,Energía Solar,Paneles Solares Monocristalino,Panel Solar Monocristalino 470W,"Panel Solar Monocristalino 470W. Pensado para instalaciones solares en motorhomes, casas rodantes y sistemas off-grid.","Panel Solar Monocristalino 470W - 190,8 x 113,4 x 3 cm - 23 kg - 24v","• Código: PM.470
• 190,8 x 113,4 x 3 cm
• 23 kg
• 24v",0,0,https://rc-conversiones.vercel.app/images/productos/pm-470.webp,0,2
PM.540,Energía Solar,Paneles Solares Monocristalino,Panel Solar Monocristalino 540W,"Panel Solar Monocristalino 540W. Pensado para instalaciones solares en motorhomes, casas rodantes y sistemas off-grid.","Panel Solar Monocristalino 540W  - 225,6 x 113,3 x 3,5cm - 27,2kg - 24v","• Código: PM.540
• 225,6 x 113,3 x 3,5cm
• 27,2kg
• 24v",0,0,https://rc-conversiones.vercel.app/images/productos/pm-540.webp,0,3
PM.550,Energía Solar,Paneles Solares Monocristalino,Panel Solar Monocristalino 550W,"Panel Solar Monocristalino 550W. Pensado para instalaciones solares en motorhomes, casas rodantes y sistemas off-grid.","Panel Solar Monocristalino 550W - 227,8 x 113,4 x 3,5cm - 29kg - 24v","• Código: PM.550
• 227,8 x 113,4 x 3,5cm
• 29kg
• 24v",0,0,https://rc-conversiones.vercel.app/images/productos/pm-550.webp,0,3
PP.80,Energía Solar,Paneles Solares Policristalino,Panel Solar Policristalino 80W,"Panel Solar Policristalino 80W. Pensado para instalaciones solares en motorhomes, casas rodantes y sistemas off-grid.","Panel Solar Policristalino 80W - 77 x 66 x 3,5 cm - 6kg - 12V","• Código: PP.80
• 77 x 66 x 3,5 cm
• 6kg
• 12V",0,0,https://rc-conversiones.vercel.app/images/productos/pp-80.webp,0,3
PP.100,Energía Solar,Paneles Solares Policristalino,Panel Solar Policristalino 100W,"Panel Solar Policristalino 100W. Pensado para instalaciones solares en motorhomes, casas rodantes y sistemas off-grid.","Panel Solar Policristalino 100W - 103 x 67 x 3,5 cm - 7kg - 12v","• Código: PP.100
• 103 x 67 x 3,5 cm
• 7kg
• 12v",0,0,https://rc-conversiones.vercel.app/images/productos/pp-100.webp,0,3
PP.340,Energía Solar,Paneles Solares Policristalino,Panel Solar Policristalino 340W,"Panel Solar Policristalino 340W. Pensado para instalaciones solares en motorhomes, casas rodantes y sistemas off-grid.","Panel Solar Policristalino 340W - 195,5 x 99,2 x 3,5 cm - 21kg - 24v","• Código: PP.340
• 195,5 x 99,2 x 3,5 cm
• 21kg
• 24v",0,0,https://rc-conversiones.vercel.app/images/productos/pp-340.webp,0,3
MC4,Energía Solar,Accesorios P/Paneles,Conector MC4 - Macho + Hembra,"Conector MC4 - Macho + Hembra. Pensado para instalaciones solares en motorhomes, casas rodantes y sistemas off-grid.",Conector MC4 - Macho + Hembra,"• Código: MC4
• Macho + Hembra",0,0,https://rc-conversiones.vercel.app/images/productos/mc4.webp,0,3
MC4-Y2,Energía Solar,Accesorios P/Paneles,Conector  MC4Y-2 - Macho + Hembra,"Conector  MC4Y-2 - Macho + Hembra. Pensado para instalaciones solares en motorhomes, casas rodantes y sistemas off-grid.",Conector  MC4Y-2 - Macho + Hembra,"• Código: MC4-Y2
• Macho + Hembra",0,0,https://rc-conversiones.vercel.app/images/productos/mc4-y2.webp,0,3
MC4-Y3,Energía Solar,Accesorios P/Paneles,Conector  MC4Y-3 - Macho + Hembra,"Conector  MC4Y-3 - Macho + Hembra. Pensado para instalaciones solares en motorhomes, casas rodantes y sistemas off-grid.",Conector  MC4Y-3 - Macho + Hembra,"• Código: MC4-Y3
• Macho + Hembra",0,0,https://rc-conversiones.vercel.app/images/productos/mc4-y3.webp,0,4
MC4-T2,Energía Solar,Accesorios P/Paneles,Conector  MC4T-2 - Macho + Hembra,"Conector  MC4T-2 - Macho + Hembra. Pensado para instalaciones solares en motorhomes, casas rodantes y sistemas off-grid.",Conector  MC4T-2 - Macho + Hembra,"• Código: MC4-T2
• Macho + Hembra",0,0,https://rc-conversiones.vercel.app/images/productos/mc4-t2.webp,0,4
MC4-T3,Energía Solar,Accesorios P/Paneles,Conector  MC4T-3 - Macho + Hembra,"Conector  MC4T-3 - Macho + Hembra. Pensado para instalaciones solares en motorhomes, casas rodantes y sistemas off-grid.",Conector  MC4T-3 - Macho + Hembra,"• Código: MC4-T3
• Macho + Hembra",0,0,https://rc-conversiones.vercel.app/images/productos/mc4-t3.webp,0,4
MC4-T4,Energía Solar,Accesorios P/Paneles,Conector  MC4T-4 - Macho + Hembra,"Conector  MC4T-4 - Macho + Hembra. Pensado para instalaciones solares en motorhomes, casas rodantes y sistemas off-grid.",Conector  MC4T-4 - Macho + Hembra,"• Código: MC4-T4
• Macho + Hembra",0,0,https://rc-conversiones.vercel.app/images/productos/mc4-t4.webp,0,4
RM.15.L,Reguladores,Reguladores Solares MPPT,Regulador MPPT 15ah Max,Regulador MPPT 15ah Max. Adecuado para gestionar la carga de sistemas solares en instalaciones móviles o autónomas.,Regulador MPPT 15ah Max - 12v 24v,"• Código: RM.15.L
• 12v 24v",0,0,https://rc-conversiones.vercel.app/images/productos/rm-15-l.webp,0,4
RM.20,Reguladores,Reguladores Solares MPPT,Regulador MPPT 20ah,Regulador MPPT 20ah. Adecuado para gestionar la carga de sistemas solares en instalaciones móviles o autónomas.,Regulador MPPT 20ah - 12v 24v,"• Código: RM.20
• 12v 24v",0,0,https://rc-conversiones.vercel.app/images/productos/rm-20.webp,0,4
RM.20.L,Reguladores,Reguladores Solares MPPT,Regulador MPPT 20ah Max,Regulador MPPT 20ah Max. Adecuado para gestionar la carga de sistemas solares en instalaciones móviles o autónomas.,Regulador MPPT 20ah Max - 12v 24v,"• Código: RM.20.L
• 12v 24v",0,0,https://rc-conversiones.vercel.app/images/productos/rm-20-l.webp,0,4
RM.30.L,Reguladores,Reguladores Solares MPPT,Regulador MPPT 30ah Max,Regulador MPPT 30ah Max. Adecuado para gestionar la carga de sistemas solares en instalaciones móviles o autónomas.,Regulador MPPT 30ah Max - 12v 24v,"• Código: RM.30.L
• 12v 24v",0,0,https://rc-conversiones.vercel.app/images/productos/rm-30-l.webp,0,4
RM.40.L,Reguladores,Reguladores Solares MPPT,Regulador MPPT 40ah Max,Regulador MPPT 40ah Max. Adecuado para gestionar la carga de sistemas solares en instalaciones móviles o autónomas.,Regulador MPPT 40ah Max - 12v 24v,"• Código: RM.40.L
• 12v 24v",0,0,https://rc-conversiones.vercel.app/images/productos/rm-40-l.webp,0,5
RM.40,Reguladores,Reguladores Solares MPPT,Regulador MPPT 40ah C/Display,Regulador MPPT 40ah C/Display. Adecuado para gestionar la carga de sistemas solares en instalaciones móviles o autónomas.,Regulador MPPT 40ah C/Display - 12v 24v,"• Código: RM.40
• 12v 24v",0,0,https://rc-conversiones.vercel.app/images/productos/rm-40.webp,0,5
RM.60,Reguladores,Reguladores Solares MPPT,Regulador MPPT 60ah,Regulador MPPT 60ah. Adecuado para gestionar la carga de sistemas solares en instalaciones móviles o autónomas.,Regulador MPPT 60ah - 12v 24v,"• Código: RM.60
• 12v 24v",0,0,https://rc-conversiones.vercel.app/images/productos/rm-60.webp,0,5
RM.60.L,Reguladores,Reguladores Solares MPPT,Regulador MPPT 60A C/Bluetooth,Regulador MPPT 60A C/Bluetooth. Adecuado para gestionar la carga de sistemas solares en instalaciones móviles o autónomas.,Regulador MPPT 60A C/Bluetooth - 12v 24v - Max,"• Código: RM.60.L
• 12v 24v
• Max",0,0,https://rc-conversiones.vercel.app/images/productos/rm-60-l.webp,0,5
RM.80,Reguladores,Reguladores Solares MPPT,Regulador MPPT 80ah,Regulador MPPT 80ah. Adecuado para gestionar la carga de sistemas solares en instalaciones móviles o autónomas.,Regulador MPPT 80ah - 12v 24v,"• Código: RM.80
• 12v 24v",0,0,https://rc-conversiones.vercel.app/images/productos/rm-80.webp,0,5
RM.100,Reguladores,Reguladores Solares MPPT,Regulador MPPT 100ah,Regulador MPPT 100ah. Adecuado para gestionar la carga de sistemas solares en instalaciones móviles o autónomas.,Regulador MPPT 100ah - 12v 24v,"• Código: RM.100
• 12v 24v",0,0,https://rc-conversiones.vercel.app/images/productos/rm-100.webp,0,5
RP.10,Reguladores,Reguladores Solares PWM,Regulador PWM 10ah,Regulador PWM 10ah. Adecuado para gestionar la carga de sistemas solares en instalaciones móviles o autónomas.,Regulador PWM 10ah - 12v 24v,"• Código: RP.10
• 12v 24v",0,0,https://rc-conversiones.vercel.app/images/productos/rp-10.webp,0,5
RP.20,Reguladores,Reguladores Solares PWM,Regulador PWM 20ah,Regulador PWM 20ah. Adecuado para gestionar la carga de sistemas solares en instalaciones móviles o autónomas.,Regulador PWM 20ah - 12v 24v,"• Código: RP.20
• 12v 24v",0,0,https://rc-conversiones.vercel.app/images/productos/rp-20.webp,0,5
RP.30,Reguladores,Reguladores Solares PWM,Regulador PWM 30ah,Regulador PWM 30ah. Adecuado para gestionar la carga de sistemas solares en instalaciones móviles o autónomas.,Regulador PWM 30ah - 12v 24v,"• Código: RP.30
• 12v 24v",0,0,https://rc-conversiones.vercel.app/images/productos/rp-30.webp,0,6
RP.40,Reguladores,Reguladores Solares PWM,Regulador PWM 40ah,Regulador PWM 40ah. Adecuado para gestionar la carga de sistemas solares en instalaciones móviles o autónomas.,Regulador PWM 40ah - 12v 24v,"• Código: RP.40
• 12v 24v",0,0,https://rc-conversiones.vercel.app/images/productos/rp-40.webp,0,6
RP.60,Reguladores,Reguladores Solares PWM,Regulador PWM 60ah,Regulador PWM 60ah. Adecuado para gestionar la carga de sistemas solares en instalaciones móviles o autónomas.,Regulador PWM 60ah - 12v 24v,"• Código: RP.60
• 12v 24v",0,0,https://rc-conversiones.vercel.app/images/productos/rp-60.webp,0,6
RP.80,Reguladores,Reguladores Solares PWM,Regulador PWM 80ah,Regulador PWM 80ah. Adecuado para gestionar la carga de sistemas solares en instalaciones móviles o autónomas.,Regulador PWM 80ah - 12v 24v,"• Código: RP.80
• 12v 24v",0,0,https://rc-conversiones.vercel.app/images/productos/rp-80.webp,0,6
II.1000.12,Inversores,Inversores Inteligentes OFF GRID,Inversor Inteligente BELTTT 1000W,Inversor Inteligente BELTTT 1000W. Una solución para complementar instalaciones eléctricas de motorhomes y sistemas de energía autónomos.,Inversor Inteligente BELTTT 1000W - MPPT 40AH - OFF GRID - 12v,"• Código: II.1000.12
• MPPT 40AH
• OFF GRID
• 12v",0,0,https://rc-conversiones.vercel.app/images/productos/ii-1000-12.webp,0,6
II.2000.12,Inversores,Inversores Inteligentes OFF GRID,Inversor Inteligente BELTTT 2000W,Inversor Inteligente BELTTT 2000W. Una solución para complementar instalaciones eléctricas de motorhomes y sistemas de energía autónomos.,Inversor Inteligente BELTTT 2000W - MPPT 80AH - OFF GRID - 12v,"• Código: II.2000.12
• MPPT 80AH
• OFF GRID
• 12v",0,0,https://rc-conversiones.vercel.app/images/productos/ii-2000-12.webp,0,6
II.3000.B24,Inversores,Inversores Inteligentes OFF GRID,Inversor Inteligente BELTTT 4200W,Inversor Inteligente BELTTT 4200W. Una solución para complementar instalaciones eléctricas de motorhomes y sistemas de energía autónomos.,Inversor Inteligente BELTTT 4200W - MPPT 120AH - OFF GRID - 24v,"• Código: II.3000.B24
• MPPT 120AH
• OFF GRID
• 24v",0,0,https://rc-conversiones.vercel.app/images/productos/ii-3000-b24.webp,0,6
II.1000.12V,Inversores,Inversores Inteligentes OFF GRID,Inversor Inteligente VOLTRONIK 1000W,Inversor Inteligente VOLTRONIK 1000W. Una solución para complementar instalaciones eléctricas de motorhomes y sistemas de energía autónomos.,Inversor Inteligente VOLTRONIK 1000W - MPPT 40AH - OFF GRID - 12v,"• Código: II.1000.12V
• MPPT 40AH
• OFF GRID
• 12v",0,0,https://rc-conversiones.vercel.app/images/productos/ii-1000-12v.webp,0,6
II.2000.24V,Inversores,Inversores Inteligentes OFF GRID,Inversor Inteligente VOLTRONIK 2000W,Inversor Inteligente VOLTRONIK 2000W. Una solución para complementar instalaciones eléctricas de motorhomes y sistemas de energía autónomos.,Inversor Inteligente VOLTRONIK 2000W - MPPT 40AH - OFF GRID - 24v,"• Código: II.2000.24V
• MPPT 40AH
• OFF GRID
• 24v",0,0,https://rc-conversiones.vercel.app/images/productos/ii-2000-24v.webp,0,7
II.3000.24V,Inversores,Inversores Inteligentes OFF GRID,Inversor Inteligente VOLTRONIK 3000W,Inversor Inteligente VOLTRONIK 3000W. Una solución para complementar instalaciones eléctricas de motorhomes y sistemas de energía autónomos.,Inversor Inteligente VOLTRONIK 3000W - MPPT 40AH - OFF GRID - 24v,"• Código: II.3000.24V
• MPPT 40AH
• OFF GRID
• 24v",0,0,https://rc-conversiones.vercel.app/images/productos/ii-3000-24v.webp,0,7
II.2000.24,Inversores,Inversores Inteligentes OFF GRID,Inversor Inteligente MUST 2000W,Inversor Inteligente MUST 2000W. Una solución para complementar instalaciones eléctricas de motorhomes y sistemas de energía autónomos.,Inversor Inteligente MUST 2000W - MPPT 80AH - OFF GRID - 24v,"• Código: II.2000.24
• MPPT 80AH
• OFF GRID
• 24v",0,0,https://rc-conversiones.vercel.app/images/productos/ii-2000-24.webp,0,7
II.3000.24,Inversores,Inversores Inteligentes OFF GRID,Inversor Inteligente MUST 3000W,Inversor Inteligente MUST 3000W. Una solución para complementar instalaciones eléctricas de motorhomes y sistemas de energía autónomos.,Inversor Inteligente MUST 3000W - MPPT 80AH - OFF GRID - 24v,"• Código: II.3000.24
• MPPT 80AH
• OFF GRID
• 24v",0,0,https://rc-conversiones.vercel.app/images/productos/ii-3000-24.webp,0,7
IPP.1000.12,Inversores,Inversores Onda Pura,Inversor Onda Pura PROBATTERY 1000W,Inversor Onda Pura PROBATTERY 1000W. Una solución para complementar instalaciones eléctricas de motorhomes y sistemas de energía autónomos.,Inversor Onda Pura PROBATTERY 1000W - 12v a 220v,"• Código: IPP.1000.12
• 12v a 220v",0,0,https://rc-conversiones.vercel.app/images/productos/ipp-1000-12.webp,0,7
IPP.1500.12,Inversores,Inversores Onda Pura,Inversor Onda Pura PROBATTERY 1500W,Inversor Onda Pura PROBATTERY 1500W. Una solución para complementar instalaciones eléctricas de motorhomes y sistemas de energía autónomos.,Inversor Onda Pura PROBATTERY 1500W - 12v a 220v,"• Código: IPP.1500.12
• 12v a 220v",0,0,https://rc-conversiones.vercel.app/images/productos/ipp-1500-12.webp,0,7
IPP.3000.12,Inversores,Inversores Onda Pura,Inversor Onda Pura PROBATTERY 3000W,Inversor Onda Pura PROBATTERY 3000W. Una solución para complementar instalaciones eléctricas de motorhomes y sistemas de energía autónomos.,Inversor Onda Pura PROBATTERY 3000W - 12v a 220v,"• Código: IPP.3000.12
• 12v a 220v",0,0,https://rc-conversiones.vercel.app/images/productos/ipp-3000-12.webp,0,7
IP.300.12,Inversores,Inversores Onda Pura,Inversor Onda Pura 300W,Inversor Onda Pura 300W. Una solución para complementar instalaciones eléctricas de motorhomes y sistemas de energía autónomos.,Inversor Onda Pura 300W - 12v a 220v,"• Código: IP.300.12
• 12v a 220v",0,0,https://rc-conversiones.vercel.app/images/productos/ip-300-12.webp,0,7
IP.500.12,Inversores,Inversores Onda Pura,Inversor Onda Pura 500W,Inversor Onda Pura 500W. Una solución para complementar instalaciones eléctricas de motorhomes y sistemas de energía autónomos.,Inversor Onda Pura 500W - 12v a 220v,"• Código: IP.500.12
• 12v a 220v",0,0,https://rc-conversiones.vercel.app/images/productos/ip-500-12.webp,0,8
IP.1000.12,Inversores,Inversores Onda Pura,Inversor Onda Pura 1000W,Inversor Onda Pura 1000W. Una solución para complementar instalaciones eléctricas de motorhomes y sistemas de energía autónomos.,Inversor Onda Pura 1000W - 12v a 220v,"• Código: IP.1000.12
• 12v a 220v",0,0,https://rc-conversiones.vercel.app/images/productos/ip-1000-12.webp,0,8
IP.1500.12,Inversores,Inversores Onda Pura,Inversor Onda Pura 1500W,Inversor Onda Pura 1500W. Una solución para complementar instalaciones eléctricas de motorhomes y sistemas de energía autónomos.,Inversor Onda Pura 1500W - 12v a 220v,"• Código: IP.1500.12
• 12v a 220v",0,0,https://rc-conversiones.vercel.app/images/productos/ip-1500-12.webp,0,8
IP.2000.12,Inversores,Inversores Onda Pura,Inversor Onda Pura 2000W,Inversor Onda Pura 2000W. Una solución para complementar instalaciones eléctricas de motorhomes y sistemas de energía autónomos.,Inversor Onda Pura 2000W - 12v a 220v,"• Código: IP.2000.12
• 12v a 220v",0,0,https://rc-conversiones.vercel.app/images/productos/ip-2000-12.webp,0,8
IP.300.24,Inversores,Inversores Onda Pura,Inversor Onda Pura 300W,Inversor Onda Pura 300W. Una solución para complementar instalaciones eléctricas de motorhomes y sistemas de energía autónomos.,Inversor Onda Pura 300W - 24v a 220v,"• Código: IP.300.24
• 24v a 220v",0,0,https://rc-conversiones.vercel.app/images/productos/ip-300-24.webp,0,8
IP.500.24,Inversores,Inversores Onda Pura,Inversor Onda Pura 500W,Inversor Onda Pura 500W. Una solución para complementar instalaciones eléctricas de motorhomes y sistemas de energía autónomos.,Inversor Onda Pura 500W - 24v a 220v,"• Código: IP.500.24
• 24v a 220v",0,0,https://rc-conversiones.vercel.app/images/productos/ip-500-24.webp,0,8
IP.1000.24,Inversores,Inversores Onda Pura,Inversor Onda Pura 1000W,Inversor Onda Pura 1000W. Una solución para complementar instalaciones eléctricas de motorhomes y sistemas de energía autónomos.,Inversor Onda Pura 1000W - 24v a 220v,"• Código: IP.1000.24
• 24v a 220v",0,0,https://rc-conversiones.vercel.app/images/productos/ip-1000-24.webp,0,8
IP.1500.24,Inversores,Inversores Onda Pura,Inversor Onda Pura 1500W,Inversor Onda Pura 1500W. Una solución para complementar instalaciones eléctricas de motorhomes y sistemas de energía autónomos.,Inversor Onda Pura 1500W - 24v a 220v,"• Código: IP.1500.24
• 24v a 220v",0,0,https://rc-conversiones.vercel.app/images/productos/ip-1500-24.webp,0,8
IP.2000.24,Inversores,Inversores Onda Pura,Inversor Onda Pura 2000W,Inversor Onda Pura 2000W. Una solución para complementar instalaciones eléctricas de motorhomes y sistemas de energía autónomos.,Inversor Onda Pura 2000W - 24v a 220v,"• Código: IP.2000.24
• 24v a 220v",0,0,https://rc-conversiones.vercel.app/images/productos/ip-2000-24.webp,0,9
IP.3000.24,Inversores,Inversores Onda Pura,Inversor Onda Pura 3000W,Inversor Onda Pura 3000W. Una solución para complementar instalaciones eléctricas de motorhomes y sistemas de energía autónomos.,Inversor Onda Pura 3000W - 24v a 220v,"• Código: IP.3000.24
• 24v a 220v",0,0,https://rc-conversiones.vercel.app/images/productos/ip-3000-24.webp,0,9
IM.300.12,Inversores,Inversores Onda Modificada,Inversor Onda Modificada 300W,Inversor Onda Modificada 300W. Una solución para complementar instalaciones eléctricas de motorhomes y sistemas de energía autónomos.,Inversor Onda Modificada 300W - 12v a 220v,"• Código: IM.300.12
• 12v a 220v",0,0,https://rc-conversiones.vercel.app/images/productos/im-300-12.webp,0,9
IM.500.12,Inversores,Inversores Onda Modificada,Inversor Onda Modificada 500W,Inversor Onda Modificada 500W. Una solución para complementar instalaciones eléctricas de motorhomes y sistemas de energía autónomos.,Inversor Onda Modificada 500W - 12v a 220v,"• Código: IM.500.12
• 12v a 220v",0,0,https://rc-conversiones.vercel.app/images/productos/im-500-12.webp,0,9
IM.1000.12,Inversores,Inversores Onda Modificada,Inversor Onda Modificada 1000W,Inversor Onda Modificada 1000W. Una solución para complementar instalaciones eléctricas de motorhomes y sistemas de energía autónomos.,Inversor Onda Modificada 1000W - 12v a 220v,"• Código: IM.1000.12
• 12v a 220v",0,0,https://rc-conversiones.vercel.app/images/productos/im-1000-12.webp,0,9
IM.1500.12,Inversores,Inversores Onda Modificada,Inversor Onda Modificada 1500W,Inversor Onda Modificada 1500W. Una solución para complementar instalaciones eléctricas de motorhomes y sistemas de energía autónomos.,Inversor Onda Modificada 1500W - 12v a 220v,"• Código: IM.1500.12
• 12v a 220v",0,0,https://rc-conversiones.vercel.app/images/productos/im-1500-12.webp,0,9
IM.2000.12,Inversores,Inversores Onda Modificada,Inversor Onda Modificada 2000W,Inversor Onda Modificada 2000W. Una solución para complementar instalaciones eléctricas de motorhomes y sistemas de energía autónomos.,Inversor Onda Modificada 2000W - 12v a 220v,"• Código: IM.2000.12
• 12v a 220v",0,0,https://rc-conversiones.vercel.app/images/productos/im-2000-12.webp,0,9
IM.3000.12,Inversores,Inversores Onda Modificada,Inversor Onda Modificada 3000W,Inversor Onda Modificada 3000W. Una solución para complementar instalaciones eléctricas de motorhomes y sistemas de energía autónomos.,Inversor Onda Modificada 3000W - 12v a 220v,"• Código: IM.3000.12
• 12v a 220v",0,0,https://rc-conversiones.vercel.app/images/productos/im-3000-12.webp,0,9
IM.300.24,Inversores,Inversores Onda Modificada,Inversor Onda Modificada 300W,Inversor Onda Modificada 300W. Una solución para complementar instalaciones eléctricas de motorhomes y sistemas de energía autónomos.,Inversor Onda Modificada 300W - 24v a 220v,"• Código: IM.300.24
• 24v a 220v",0,0,https://rc-conversiones.vercel.app/images/productos/im-300-24.webp,0,10
IM.500.24,Inversores,Inversores Onda Modificada,Inversor Onda Modificada 500W,Inversor Onda Modificada 500W. Una solución para complementar instalaciones eléctricas de motorhomes y sistemas de energía autónomos.,Inversor Onda Modificada 500W - 24v a 220v,"• Código: IM.500.24
• 24v a 220v",0,0,https://rc-conversiones.vercel.app/images/productos/im-500-24.webp,0,10
IM.1000.24,Inversores,Inversores Onda Modificada,Inversor Onda Modificada 1000W,Inversor Onda Modificada 1000W. Una solución para complementar instalaciones eléctricas de motorhomes y sistemas de energía autónomos.,Inversor Onda Modificada 1000W - 24v a 220v,"• Código: IM.1000.24
• 24v a 220v",0,0,https://rc-conversiones.vercel.app/images/productos/im-1000-24.webp,0,10
IM.1500.24,Inversores,Inversores Onda Modificada,Inversor Onda Modificada 1500W,Inversor Onda Modificada 1500W. Una solución para complementar instalaciones eléctricas de motorhomes y sistemas de energía autónomos.,Inversor Onda Modificada 1500W - 24v a 220v,"• Código: IM.1500.24
• 24v a 220v",0,0,https://rc-conversiones.vercel.app/images/productos/im-1500-24.webp,0,10
IM.2000.24,Inversores,Inversores Onda Modificada,Inversor Onda Modificada 2000W,Inversor Onda Modificada 2000W. Una solución para complementar instalaciones eléctricas de motorhomes y sistemas de energía autónomos.,Inversor Onda Modificada 2000W - 24v a 220v,"• Código: IM.2000.24
• 24v a 220v",0,0,https://rc-conversiones.vercel.app/images/productos/im-2000-24.webp,0,10
IM.3000.24,Inversores,Inversores Onda Modificada,Inversor Onda Modificada 3000W,Inversor Onda Modificada 3000W. Una solución para complementar instalaciones eléctricas de motorhomes y sistemas de energía autónomos.,Inversor Onda Modificada 3000W - 24v a 220v,"• Código: IM.3000.24
• 24v a 220v",0,0,https://rc-conversiones.vercel.app/images/productos/im-3000-24.webp,0,10
BL.100.B24,Baterías,Baterias de Litio,Bateria de LITIO LiFePO4 C/Display 100ah - Branik,Bateria de LITIO LiFePO4 C/Display 100ah - Branik. Orientado al almacenamiento y gestión de energía en motorhomes y otras instalaciones de 12/24/48 V según modelo.,Bateria de LITIO LiFePO4 C/Display 100ah - Branik - 24v,"• Código: BL.100.B24
• Branik
• 24v",0,0,https://rc-conversiones.vercel.app/images/productos/bl-100-b24.webp,0,10
BL.100.B48,Baterías,Baterias de Litio,Bateria de LITIO LiFePO4 C/Display 100ah - Branik,Bateria de LITIO LiFePO4 C/Display 100ah - Branik. Orientado al almacenamiento y gestión de energía en motorhomes y otras instalaciones de 12/24/48 V según modelo.,Bateria de LITIO LiFePO4 C/Display 100ah - Branik - 48v,"• Código: BL.100.B48
• Branik
• 48v",0,0,https://rc-conversiones.vercel.app/images/productos/bl-100-b48.webp,0,10
BL.50.B,Baterías,Baterias de Litio,Bateria de LITIO LiFePO4 50ah - Branik,Bateria de LITIO LiFePO4 50ah - Branik. Orientado al almacenamiento y gestión de energía en motorhomes y otras instalaciones de 12/24/48 V según modelo.,Bateria de LITIO LiFePO4 50ah - Branik - 12v,"• Código: BL.50.B
• Branik
• 12v",0,0,https://rc-conversiones.vercel.app/images/productos/bl-50-b.webp,0,11
BL.100.B,Baterías,Baterias de Litio,Bateria de LITIO LiFePO4 100ah - Branik,Bateria de LITIO LiFePO4 100ah - Branik. Orientado al almacenamiento y gestión de energía en motorhomes y otras instalaciones de 12/24/48 V según modelo.,Bateria de LITIO LiFePO4 100ah - Branik - 12v,"• Código: BL.100.B
• Branik
• 12v",0,0,https://rc-conversiones.vercel.app/images/productos/bl-100-b.webp,0,11
BL.200.B,Baterías,Baterias de Litio,Bateria de LITIO LiFePO4 200ah - Branik,Bateria de LITIO LiFePO4 200ah - Branik. Orientado al almacenamiento y gestión de energía en motorhomes y otras instalaciones de 12/24/48 V según modelo.,Bateria de LITIO LiFePO4 200ah - Branik - 12v,"• Código: BL.200.B
• Branik
• 12v",0,0,https://rc-conversiones.vercel.app/images/productos/bl-200-b.webp,0,11
BG.55.U,Baterías,Baterias de Gel UCG,Bateria de Gel UCG 55ah - Ultracell,Bateria de Gel UCG 55ah - Ultracell. Orientado al almacenamiento y gestión de energía en motorhomes y otras instalaciones de 12/24/48 V según modelo.,Bateria de Gel UCG 55ah - Ultracell - 12v,"• Código: BG.55.U
• Ultracell
• 12v",0,0,https://rc-conversiones.vercel.app/images/productos/bg-55-u.webp,0,11
BG.100.U,Baterías,Baterias de Gel UCG,Bateria de Gel UCG 100ah - Ultracell,Bateria de Gel UCG 100ah - Ultracell. Orientado al almacenamiento y gestión de energía en motorhomes y otras instalaciones de 12/24/48 V según modelo.,Bateria de Gel UCG 100ah - Ultracell - 12v,"• Código: BG.100.U
• Ultracell
• 12v",0,0,https://rc-conversiones.vercel.app/images/productos/bg-100-u.webp,0,11
BG.200.U,Baterías,Baterias de Gel UCG,Bateria de Gel UCG 200ah - Ultracell,Bateria de Gel UCG 200ah - Ultracell. Orientado al almacenamiento y gestión de energía en motorhomes y otras instalaciones de 12/24/48 V según modelo.,Bateria de Gel UCG 200ah - Ultracell - 12v,"• Código: BG.200.U
• Ultracell
• 12v",0,0,https://rc-conversiones.vercel.app/images/productos/bg-200-u.webp,0,11
BG.275.U,Baterías,Baterias de Gel UCG,Bateria de Gel UCG 275ah - Ultracell,Bateria de Gel UCG 275ah - Ultracell. Orientado al almacenamiento y gestión de energía en motorhomes y otras instalaciones de 12/24/48 V según modelo.,Bateria de Gel UCG 275ah - Ultracell - 12v,"• Código: BG.275.U
• Ultracell
• 12v",0,0,https://rc-conversiones.vercel.app/images/productos/bg-275-u.webp,0,11
BG.100.D,Baterías,Baterias de Gel AGM,Bateria de Gel AGM 100ah - Detroit,Bateria de Gel AGM 100ah - Detroit. Orientado al almacenamiento y gestión de energía en motorhomes y otras instalaciones de 12/24/48 V según modelo.,Bateria de Gel AGM 100ah - Detroit - 12v,"• Código: BG.100.D
• Detroit
• 12v",0,0,https://rc-conversiones.vercel.app/images/productos/bg-100-d.webp,0,11
BG.150.D,Baterías,Baterias de Gel AGM,Bateria de Gel AGM 150ah - Detroit,Bateria de Gel AGM 150ah - Detroit. Orientado al almacenamiento y gestión de energía en motorhomes y otras instalaciones de 12/24/48 V según modelo.,Bateria de Gel AGM 150ah - Detroit - 12v,"• Código: BG.150.D
• Detroit
• 12v",0,0,https://rc-conversiones.vercel.app/images/productos/bg-150-d.webp,0,12
BG.190.D,Baterías,Baterias de Gel AGM,Bateria de Gel AGM 190ah - Detroit,Bateria de Gel AGM 190ah - Detroit. Orientado al almacenamiento y gestión de energía en motorhomes y otras instalaciones de 12/24/48 V según modelo.,Bateria de Gel AGM 190ah - Detroit - 12v,"• Código: BG.190.D
• Detroit
• 12v",0,0,https://rc-conversiones.vercel.app/images/productos/bg-190-d.webp,0,12
BG.200.D,Baterías,Baterias de Gel AGM,Bateria de Gel AGM 200ah - Detroit,Bateria de Gel AGM 200ah - Detroit. Orientado al almacenamiento y gestión de energía en motorhomes y otras instalaciones de 12/24/48 V según modelo.,Bateria de Gel AGM 200ah - Detroit - 12v,"• Código: BG.200.D
• Detroit
• 12v",0,0,https://rc-conversiones.vercel.app/images/productos/bg-200-d.webp,0,12
BG.250.D,Baterías,Baterias de Gel AGM,Bateria de Gel AGM 250ah - Detroit,Bateria de Gel AGM 250ah - Detroit. Orientado al almacenamiento y gestión de energía en motorhomes y otras instalaciones de 12/24/48 V según modelo.,Bateria de Gel AGM 250ah - Detroit - 12v,"• Código: BG.250.D
• Detroit
• 12v",0,0,https://rc-conversiones.vercel.app/images/productos/bg-250-d.webp,0,12
BG.22.B,Baterías,Baterias de Gel AGM,Bateria de Gel AGM 20ah - Branik,Bateria de Gel AGM 20ah - Branik. Orientado al almacenamiento y gestión de energía en motorhomes y otras instalaciones de 12/24/48 V según modelo.,Bateria de Gel AGM 20ah - Branik - 12v,"• Código: BG.22.B
• Branik
• 12v",0,0,https://rc-conversiones.vercel.app/images/productos/bg-22-b.webp,0,12
BG.55.B,Baterías,Baterias de Gel AGM,Bateria de Gel AGM 55ah - Branik,Bateria de Gel AGM 55ah - Branik. Orientado al almacenamiento y gestión de energía en motorhomes y otras instalaciones de 12/24/48 V según modelo.,Bateria de Gel AGM 55ah - Branik - 12v,"• Código: BG.55.B
• Branik
• 12v",0,0,https://rc-conversiones.vercel.app/images/productos/bg-55-b.webp,0,12
BG.100.B,Baterías,Baterias de Gel AGM,Bateria de Gel AGM 100ah - Branik,Bateria de Gel AGM 100ah - Branik. Orientado al almacenamiento y gestión de energía en motorhomes y otras instalaciones de 12/24/48 V según modelo.,Bateria de Gel AGM 100ah - Branik - 12v,"• Código: BG.100.B
• Branik
• 12v",0,0,https://rc-conversiones.vercel.app/images/productos/bg-100-b.webp,0,12
BG.120.B,Baterías,Baterias de Gel AGM,Bateria de Gel AGM 120ah - Branik,Bateria de Gel AGM 120ah - Branik. Orientado al almacenamiento y gestión de energía en motorhomes y otras instalaciones de 12/24/48 V según modelo.,Bateria de Gel AGM 120ah - Branik - 12v,"• Código: BG.120.B
• Branik
• 12v",0,0,https://rc-conversiones.vercel.app/images/productos/bg-120-b.webp,0,12
BG.200.B,Baterías,Baterias de Gel AGM,Bateria de Gel AGM 200ah - Branik,Bateria de Gel AGM 200ah - Branik. Orientado al almacenamiento y gestión de energía en motorhomes y otras instalaciones de 12/24/48 V según modelo.,Bateria de Gel AGM 200ah - Branik - 12v,"• Código: BG.200.B
• Branik
• 12v",0,0,https://rc-conversiones.vercel.app/images/productos/bg-200-b.webp,0,13
CB.1212.50,Baterías,Cargadores de Bateria - Desde Alternador,Cargador de Bateria VICTRON ORION SMART,Cargador de Bateria VICTRON ORION SMART. Orientado al almacenamiento y gestión de energía en motorhomes y otras instalaciones de 12/24/48 V según modelo.,Cargador de Bateria VICTRON ORION SMART - XS 12/12-50ah (700W) - Aislado,"• Código: CB.1212.50
• XS 12/12-50ah (700W)
• Aislado",0,0,https://rc-conversiones.vercel.app/images/productos/cb-1212-50.webp,0,13
CB.1212.30A,Baterías,Cargadores de Bateria - Desde Alternador,Cargador de Bateria VICTRON ORION SMART,Cargador de Bateria VICTRON ORION SMART. Orientado al almacenamiento y gestión de energía en motorhomes y otras instalaciones de 12/24/48 V según modelo.,Cargador de Bateria VICTRON ORION SMART - 12/12-30ah (360W) - Aislado,"• Código: CB.1212.30A
• 12/12-30ah (360W)
• Aislado",0,0,https://rc-conversiones.vercel.app/images/productos/cb-1212-30a.webp,0,13
CB.1212.18A,Baterías,Cargadores de Bateria - Desde Alternador,Cargador de Bateria VICTRON ORION SMART,Cargador de Bateria VICTRON ORION SMART. Orientado al almacenamiento y gestión de energía en motorhomes y otras instalaciones de 12/24/48 V según modelo.,Cargador de Bateria VICTRON ORION SMART - 12/12-18ah (220W) - Aislado,"• Código: CB.1212.18A
• 12/12-18ah (220W)
• Aislado",0,0,https://rc-conversiones.vercel.app/images/productos/cb-1212-18a.webp,0,13
CB.1212.30,Baterías,Cargadores de Bateria - Desde Alternador,Cargador de Bateria VICTRON ORION SMART,Cargador de Bateria VICTRON ORION SMART. Orientado al almacenamiento y gestión de energía en motorhomes y otras instalaciones de 12/24/48 V según modelo.,Cargador de Bateria VICTRON ORION SMART - 12/12-30ah (360W) - No Aislado,"• Código: CB.1212.30
• 12/12-30ah (360W)
• No Aislado",0,0,https://rc-conversiones.vercel.app/images/productos/cb-1212-30.webp,0,13
CB.1224.15,Baterías,Cargadores de Bateria - Desde Alternador,Cargador de Bateria VICTRON ORION SMART,Cargador de Bateria VICTRON ORION SMART. Orientado al almacenamiento y gestión de energía en motorhomes y otras instalaciones de 12/24/48 V según modelo.,Cargador de Bateria VICTRON ORION SMART - 12/24-15ah (360W) - No Aislado,"• Código: CB.1224.15
• 12/24-15ah (360W)
• No Aislado",0,0,https://rc-conversiones.vercel.app/images/productos/cb-1224-15.webp,0,13
CB.2424.17,Baterías,Cargadores de Bateria - Desde Alternador,Cargador de Bateria VICTRON ORION SMART,Cargador de Bateria VICTRON ORION SMART. Orientado al almacenamiento y gestión de energía en motorhomes y otras instalaciones de 12/24/48 V según modelo.,Cargador de Bateria VICTRON ORION SMART - 24/24-17ah (400W) - No Aislado,"• Código: CB.2424.17
• 24/24-17ah (400W)
• No Aislado",0,0,https://rc-conversiones.vercel.app/images/productos/cb-2424-17.webp,0,13
CB.2412.30,Baterías,Cargadores de Bateria - Desde Alternador,Cargador de Bateria VICTRON ORION SMART,Cargador de Bateria VICTRON ORION SMART. Orientado al almacenamiento y gestión de energía en motorhomes y otras instalaciones de 12/24/48 V según modelo.,Cargador de Bateria VICTRON ORION SMART - 24/12-30ah (360W) - No Aislado,"• Código: CB.2412.30
• 24/12-30ah (360W)
• No Aislado",0,0,https://rc-conversiones.vercel.app/images/productos/cb-2412-30.webp,0,13
GEA.12,Electricidad,Generadores de Corriente - Nafteros,Generador de Corriente C/Control 12v ACTECMAX,Generador de Corriente C/Control 12v ACTECMAX. Accesorio pensado para resolver instalaciones eléctricas y conexiones dentro o fuera del motorhome.,Generador de Corriente C/Control 12v ACTECMAX - 60Ah - 60 x 40 x 50 cm,"• Código: GEA.12
• 60Ah
• 60 x 40 x 50 cm",0,0,https://rc-conversiones.vercel.app/images/productos/gea-12.webp,0,14
GEA.24,Electricidad,Generadores de Corriente - Nafteros,Generador de Corriente C/Control 24v ACTECMAX,Generador de Corriente C/Control 24v ACTECMAX. Accesorio pensado para resolver instalaciones eléctricas y conexiones dentro o fuera del motorhome.,Generador de Corriente C/Control 24v ACTECMAX - 90Ah - 60 x 40 x 50 cm,"• Código: GEA.24
• 90Ah
• 60 x 40 x 50 cm",0,0,https://rc-conversiones.vercel.app/images/productos/gea-24.webp,0,14
LC.275.A,Baterías,Protecciones,Llave de Corte Bateria Hasta 275ah - De Apoyo,Llave de Corte Bateria Hasta 275ah - De Apoyo. Orientado al almacenamiento y gestión de energía en motorhomes y otras instalaciones de 12/24/48 V según modelo.,Llave de Corte Bateria Hasta 275ah - De Apoyo,"• Código: LC.275.A
• De Apoyo",0,0,https://rc-conversiones.vercel.app/images/productos/lc-275-a.webp,0,14
LC.275.E,Baterías,Protecciones,Llave de Corte Bateria Hasta 275ah - De Embutir,Llave de Corte Bateria Hasta 275ah - De Embutir. Orientado al almacenamiento y gestión de energía en motorhomes y otras instalaciones de 12/24/48 V según modelo.,Llave de Corte Bateria Hasta 275ah - De Embutir,"• Código: LC.275.E
• De Embutir",0,0,https://rc-conversiones.vercel.app/images/productos/lc-275-e.webp,0,14
TMH.RB,Electricidad,Tomas Corriente - Exterior,KIT Toma Exterior 220v  Macho + Hembra,KIT Toma Exterior 220v  Macho + Hembra. Accesorio pensado para resolver instalaciones eléctricas y conexiones dentro o fuera del motorhome.,KIT Toma Exterior 220v  Macho + Hembra - 16ah - BLANCA,"• Código: TMH.RB
• 16ah
• BLANCA",0,0,https://rc-conversiones.vercel.app/images/productos/tmh-rb.webp,0,14
TMH.RG,Electricidad,Tomas Corriente - Exterior,KIT Toma Exterior 220v  Macho + Hembra,KIT Toma Exterior 220v  Macho + Hembra. Accesorio pensado para resolver instalaciones eléctricas y conexiones dentro o fuera del motorhome.,KIT Toma Exterior 220v  Macho + Hembra - 16ah - GRIS,"• Código: TMH.RG
• 16ah
• GRIS",0,0,https://rc-conversiones.vercel.app/images/productos/tmh-rg.webp,0,14
TMH.RN,Electricidad,Tomas Corriente - Exterior,KIT Toma Exterior 220v  Macho + Hembra,KIT Toma Exterior 220v  Macho + Hembra. Accesorio pensado para resolver instalaciones eléctricas y conexiones dentro o fuera del motorhome.,KIT Toma Exterior 220v  Macho + Hembra - 16ah - NEGRO,"• Código: TMH.RN
• 16ah
• NEGRO",0,0,https://rc-conversiones.vercel.app/images/productos/tmh-rn.webp,0,14
TME.32,Electricidad,Tomas Corriente - Exterior,Toma Exterior Macho 220v,Toma Exterior Macho 220v. Accesorio pensado para resolver instalaciones eléctricas y conexiones dentro o fuera del motorhome.,Toma Exterior Macho 220v - 32ah,"• Código: TME.32
• 32ah",0,0,https://rc-conversiones.vercel.app/images/productos/tme-32.webp,0,15
THE.32,Electricidad,Tomas Corriente - Exterior,Toma Exterior Hembra 220v,Toma Exterior Hembra 220v. Accesorio pensado para resolver instalaciones eléctricas y conexiones dentro o fuera del motorhome.,Toma Exterior Hembra 220v - 32ah,"• Código: THE.32
• 32ah",0,0,https://rc-conversiones.vercel.app/images/productos/the-32.webp,0,15
TME.20,Electricidad,Tomas Corriente - Exterior,Toma Exterior Macho 220v,Toma Exterior Macho 220v. Accesorio pensado para resolver instalaciones eléctricas y conexiones dentro o fuera del motorhome.,Toma Exterior Macho 220v - 20ah,"• Código: TME.20
• 20ah",0,0,https://rc-conversiones.vercel.app/images/productos/tme-20.webp,0,15
TH.12,Electricidad,Tomas Corriente - Interior,Toma Hembra TIPO ENCENDEDOR 12v - ACERO INOX,Toma Hembra TIPO ENCENDEDOR 12v - ACERO INOX. Accesorio pensado para resolver instalaciones eléctricas y conexiones dentro o fuera del motorhome.,Toma Hembra TIPO ENCENDEDOR 12v - ACERO INOX.,"• Código: TH.12
• ACERO INOX",0,0,https://rc-conversiones.vercel.app/images/productos/th-12.webp,0,15
TH.1224.B,Electricidad,Tomas Corriente - Interior,Toma Hembra TIPO ENCENDEDOR 12v 24v,Toma Hembra TIPO ENCENDEDOR 12v 24v. Accesorio pensado para resolver instalaciones eléctricas y conexiones dentro o fuera del motorhome.,Toma Hembra TIPO ENCENDEDOR 12v 24v - BLANCA,"• Código: TH.1224.B
• BLANCA",0,0,https://rc-conversiones.vercel.app/images/productos/th-1224-b.webp,0,15
TH.1224.N,Electricidad,Tomas Corriente - Interior,Toma Hembra TIPO ENCENDEDOR 12v 24v,Toma Hembra TIPO ENCENDEDOR 12v 24v. Accesorio pensado para resolver instalaciones eléctricas y conexiones dentro o fuera del motorhome.,Toma Hembra TIPO ENCENDEDOR 12v 24v - NEGRA,"• Código: TH.1224.N
• NEGRA",0,0,https://rc-conversiones.vercel.app/images/productos/th-1224-n.webp,0,15
T.TE,Electricidad,Tomas Corriente - Interior,Toma Macho TIPO ENCENDEDOR 12v 24v USB + USB C,Toma Macho TIPO ENCENDEDOR 12v 24v USB + USB C. Accesorio pensado para resolver instalaciones eléctricas y conexiones dentro o fuera del motorhome.,Toma Macho TIPO ENCENDEDOR 12v 24v USB + USB C - NEGRA,"• Código: T.TE
• NEGRA",0,0,https://rc-conversiones.vercel.app/images/productos/t-te.webp,0,15
T.UV,Electricidad,Tomas Corriente - Interior,Toma 12v 24v  USB x 2 + Voltimentro / Amperimetro,Toma 12v 24v  USB x 2 + Voltimentro / Amperimetro. Accesorio pensado para resolver instalaciones eléctricas y conexiones dentro o fuera del motorhome.,Toma 12v 24v  USB x 2 + Voltimentro / Amperimetro,"• Código: T.UV
• 12v
• 24v",0,0,https://rc-conversiones.vercel.app/images/productos/t-uv.webp,0,15
T.V,Electricidad,Tomas Corriente - Interior,Toma 12v 24v Voltimetro / Amperimetro,Toma 12v 24v Voltimetro / Amperimetro. Accesorio pensado para resolver instalaciones eléctricas y conexiones dentro o fuera del motorhome.,Toma 12v 24v Voltimetro / Amperimetro,"• Código: T.V
• 12v
• 24v",0,0,https://rc-conversiones.vercel.app/images/productos/t-v.webp,0,16
T.T,Electricidad,Tomas Corriente - Interior,Toma 12v 24v TIPO TECLA - USB +USB C NEGRA,Toma 12v 24v TIPO TECLA - USB +USB C NEGRA. Accesorio pensado para resolver instalaciones eléctricas y conexiones dentro o fuera del motorhome.,Toma 12v 24v TIPO TECLA - USB +USB C NEGRA,"• Código: T.T
• USB +USB C NEGRA",0,0,https://rc-conversiones.vercel.app/images/productos/t-t.webp,0,16
T.USB,Electricidad,Tomas Corriente - Interior,Toma 12v 24v C/ USB + USB C,Toma 12v 24v C/ USB + USB C. Accesorio pensado para resolver instalaciones eléctricas y conexiones dentro o fuera del motorhome.,Toma 12v 24v C/ USB + USB C - NEGRA,"• Código: T.USB
• NEGRA",0,0,https://rc-conversiones.vercel.app/images/productos/t-usb.webp,0,16
PLE.18,Electricidad,Iliminación - Exterior,Plafon LED (18) Exterior 12v cm - Luz Blanca,Plafon LED (18) Exterior 12v cm - Luz Blanca. Accesorio pensado para resolver instalaciones eléctricas y conexiones dentro o fuera del motorhome.,Plafon LED (18) Exterior 12v cm - Luz Blanca,"• Código: PLE.18
• Luz Blanca",0,0,https://rc-conversiones.vercel.app/images/productos/ple-18.webp,0,16
PLE.5B,Electricidad,Iliminación - Exterior,Plafon LED (5) Exterior 12v - Luz Blanca,Plafon LED (5) Exterior 12v - Luz Blanca. Accesorio pensado para resolver instalaciones eléctricas y conexiones dentro o fuera del motorhome.,Plafon LED (5) Exterior 12v - Luz Blanca,"• Código: PLE.5B
• Luz Blanca",0,0,https://rc-conversiones.vercel.app/images/productos/ple-5b.webp,0,16
PLE.6N,Electricidad,Iliminación - Exterior,Plafon LED (6) Exterior 12v 24v,Plafon LED (6) Exterior 12v 24v. Accesorio pensado para resolver instalaciones eléctricas y conexiones dentro o fuera del motorhome.,Plafon LED (6) Exterior 12v 24v - NEGRO - Luz Blanca,"• Código: PLE.6N
• NEGRO
• Luz Blanca",0,0,https://rc-conversiones.vercel.app/images/productos/ple-6n.webp,0,16
PLE.6,Electricidad,Iliminación - Exterior,Plafon LED (6) Exterior 12v 24v - Luz Blanca,Plafon LED (6) Exterior 12v 24v - Luz Blanca. Accesorio pensado para resolver instalaciones eléctricas y conexiones dentro o fuera del motorhome.,Plafon LED (6) Exterior 12v 24v - Luz Blanca,"• Código: PLE.6
• Luz Blanca",0,0,https://rc-conversiones.vercel.app/images/productos/ple-6.webp,0,16
PLR.13,Electricidad,Iliminación - Interior,Plafon LED 12v,Plafon LED 12v. Accesorio pensado para resolver instalaciones eléctricas y conexiones dentro o fuera del motorhome.,Plafon LED 12v - Acrílico C/Tecla 13 cm - Luz Calida,"• Código: PLR.13
• Acrílico C/Tecla 13 cm
• Luz Calida",0,0,https://rc-conversiones.vercel.app/images/productos/plr-13.webp,0,16
PLR.8,Electricidad,Iliminación - Interior,Plafon LED 12v,Plafon LED 12v. Accesorio pensado para resolver instalaciones eléctricas y conexiones dentro o fuera del motorhome.,Plafon LED 12v - Acrílico C/Tecla 8 cm - Luz Calida,"• Código: PLR.8
• Acrílico C/Tecla 8 cm
• Luz Calida",0,0,https://rc-conversiones.vercel.app/images/productos/plr-8.webp,0,17
PLR.14.5.M,Electricidad,Iliminación - Interior,Plafon LED 12v,Plafon LED 12v. Accesorio pensado para resolver instalaciones eléctricas y conexiones dentro o fuera del motorhome.,"Plafon LED 12v - Marco de Madera  14,5 cm Diametro - Luz Neutra","• Código: PLR.14.5.M
• Marco de Madera  14,5 cm Diametro
• Luz Neutra",0,0,https://rc-conversiones.vercel.app/images/productos/plr-14-5-m.webp,0,17
PLR.10.5.M,Electricidad,Iliminación - Interior,Plafon LED 12v,Plafon LED 12v. Accesorio pensado para resolver instalaciones eléctricas y conexiones dentro o fuera del motorhome.,"Plafon LED 12v - Marco de Madera 10,5 cm Diametro - Luz Neutra","• Código: PLR.10.5.M
• Marco de Madera 10,5 cm Diametro
• Luz Neutra",0,0,https://rc-conversiones.vercel.app/images/productos/plr-10-5-m.webp,0,17
PLS.10.5,Electricidad,Iliminación - Interior,Plafon LED Spot 12v 24v,Plafon LED Spot 12v 24v. Accesorio pensado para resolver instalaciones eléctricas y conexiones dentro o fuera del motorhome.,"Plafon LED Spot 12v 24v - 10,5 cm Diametro - Luz Blanca Neutra","• Código: PLS.10.5
• 10,5 cm Diametro
• Luz Blanca Neutra",0,0,https://rc-conversiones.vercel.app/images/productos/pls-10-5.webp,0,17
PLS.7,Electricidad,Iliminación - Interior,Plafon LED Spot 12v 24v,Plafon LED Spot 12v 24v. Accesorio pensado para resolver instalaciones eléctricas y conexiones dentro o fuera del motorhome.,Plafon LED Spot 12v 24v - 7 cm Diametro - Luz Blanca Neutra,"• Código: PLS.7
• 7 cm Diametro
• Luz Blanca Neutra",0,0,https://rc-conversiones.vercel.app/images/productos/pls-7.webp,0,17
PLS.4,Electricidad,Iliminación - Interior,Plafon LED (4) Spot 12v,Plafon LED (4) Spot 12v. Accesorio pensado para resolver instalaciones eléctricas y conexiones dentro o fuera del motorhome.,"Plafon LED (4) Spot 12v - 7,6 cm Diametro - Luz Neutra","• Código: PLS.4
• 7,6 cm Diametro
• Luz Neutra",0,0,https://rc-conversiones.vercel.app/images/productos/pls-4.webp,0,17
PLS.6,Electricidad,Iliminación - Interior,Plafon LED (6) Spot 12v,Plafon LED (6) Spot 12v. Accesorio pensado para resolver instalaciones eléctricas y conexiones dentro o fuera del motorhome.,Plafon LED (6) Spot 12v - 7 cm Diametro - Luz Neutra,"• Código: PLS.6
• 7 cm Diametro
• Luz Neutra",0,0,https://rc-conversiones.vercel.app/images/productos/pls-6.webp,0,17
PLS.18,Electricidad,Iliminación - Interior,Plafon LED (18) Spot 12v,Plafon LED (18) Spot 12v. Accesorio pensado para resolver instalaciones eléctricas y conexiones dentro o fuera del motorhome.,"Plafon LED (18) Spot 12v - 9,7 cm Diametro- Luz Blanca","• Código: PLS.18
• 9,7 cm Diametro- Luz Blanca",0,0,https://rc-conversiones.vercel.app/images/productos/pls-18.webp,0,17
PLT.12,Electrodomésticos,Iliminación - Interior,Plafon LED (12) Tira 12v 24v + Tecla-Switch - Luz Blanca,Plafon LED (12) Tira 12v 24v + Tecla-Switch - Luz Blanca. Equipo práctico para sumar confort y funcionalidad al interior del motorhome.,Plafon LED (12) Tira 12v 24v + Tecla-Switch - Luz Blanca,"• Código: PLT.12
• Luz Blanca",0,0,https://rc-conversiones.vercel.app/images/productos/plt-12.webp,0,18
PLT.30,Electrodomésticos,Iliminación - Interior,Plafon LED (30) Tira 12v 24v - Aluminio,Plafon LED (30) Tira 12v 24v - Aluminio. Equipo práctico para sumar confort y funcionalidad al interior del motorhome.,Plafon LED (30) Tira 12v 24v - Aluminio - Luz Blanca,"• Código: PLT.30
• Aluminio
• Luz Blanca",0,0,https://rc-conversiones.vercel.app/images/productos/plt-30.webp,0,18
LL.T,Electrodomésticos,Iliminación - Interior,Luz de Lectura LED 12v 24v,Luz de Lectura LED 12v 24v. Equipo práctico para sumar confort y funcionalidad al interior del motorhome.,"Luz de Lectura LED 12v 24v - 5x9 cm - Tactil, Aluminio y Acrilico - Luz Calida","• Código: LL.T
• 5x9 cm
• Tactil, Aluminio y Acrilico
• Luz Calida",0,0,https://rc-conversiones.vercel.app/images/productos/ll-t.webp,0,18
LL.FTU,Electrodomésticos,Iliminación - Interior,Luz de Lectura LED 12v 24v,Luz de Lectura LED 12v 24v. Equipo práctico para sumar confort y funcionalidad al interior del motorhome.,"Luz de Lectura LED 12v 24v - Cuello Flexible, Tactil + USB C - Aluminio Negro - Luz Blanca","• Código: LL.FTU
• Cuello Flexible, Tactil + USB C
• Aluminio Negro
• Luz Blanca",0,0,https://rc-conversiones.vercel.app/images/productos/ll-ftu.webp,0,18
LL.FTUN,Electrodomésticos,Iliminación - Interior,Luz de Lectura LED 12v 24v,Luz de Lectura LED 12v 24v. Equipo práctico para sumar confort y funcionalidad al interior del motorhome.,"Luz de Lectura LED 12v 24v - Cuello Flexible, Tactil + USB A - Aluminio - Luz Neutra","• Código: LL.FTUN
• Cuello Flexible, Tactil + USB A
• Aluminio
• Luz Neutra",0,0,https://rc-conversiones.vercel.app/images/productos/ll-ftun.webp,0,18
T.24S.12,Electrodomésticos,Televisores 12v,"TV KODAK 24"" SMART ONN C/Control de Voz","TV KODAK 24"" SMART ONN C/Control de Voz. Equipo práctico para sumar confort y funcionalidad al interior del motorhome.","TV KODAK 24"" SMART ONN C/Control de Voz  - 12v","• Código: T.24S.12
• 12v",0,0,https://rc-conversiones.vercel.app/images/productos/t-24s-12.webp,0,18
T.24.12,Electrodomésticos,Televisores 12v,"TV KODAK 24""","TV KODAK 24"". Equipo práctico para sumar confort y funcionalidad al interior del motorhome.","TV KODAK 24"" - 12v","• Código: T.24.12
• 12v",0,0,https://rc-conversiones.vercel.app/images/productos/t-24-12.webp,0,18
TS.19.12220,Electrodomésticos,Televisores 12v,"TV Smart 19""","TV Smart 19"". Equipo práctico para sumar confort y funcionalidad al interior del motorhome.","TV Smart 19"" - 12v/220v","• Código: TS.19.12220
• 12v/220v",0,0,https://rc-conversiones.vercel.app/images/productos/ts-19-12220.webp,0,19
TS.22.12220,Electrodomésticos,Televisores 12v,"TV Smart 22""","TV Smart 22"". Equipo práctico para sumar confort y funcionalidad al interior del motorhome.","TV Smart 22"" - 12v/220v","• Código: TS.22.12220
• 12v/220v",0,0,https://rc-conversiones.vercel.app/images/productos/ts-22-12220.webp,0,19
TS.24.12220,Electrodomésticos,Televisores 12v,"TV Smart 24""","TV Smart 24"". Equipo práctico para sumar confort y funcionalidad al interior del motorhome.","TV Smart 24"" - 12v/220v","• Código: TS.24.12220
• 12v/220v",0,0,https://rc-conversiones.vercel.app/images/productos/ts-24-12220.webp,0,19
T.S,Electrodomésticos,Accesorios para Televisores,"Soporte para TV 24""","Soporte para TV 24"". Equipo práctico para sumar confort y funcionalidad al interior del motorhome.","Soporte para TV 24""",• Código: T.S,0,0,https://rc-conversiones.vercel.app/images/productos/t-s.webp,0,19
C.6.KGE,Calefacción,Calefones y Ventilación,Calefon 6L - Sin Llama Piloto,"Calefon 6L - Sin Llama Piloto. Equipo orientado a climatización, agua caliente o calefacción según el modelo indicado.",Calefon 6L - Sin Llama Piloto - KRAMM - Gas Envasado,"• Código: C.6.KGE
• Sin Llama Piloto
• KRAMM
• Gas Envasado",0,0,https://rc-conversiones.vercel.app/images/productos/c-6-kge.webp,0,19
C.6.BMGE,Calefacción,Calefones y Ventilación,Calefon 6L - Sin Llama Piloto,"Calefon 6L - Sin Llama Piloto. Equipo orientado a climatización, agua caliente o calefacción según el modelo indicado.",Calefon 6L - Sin Llama Piloto - BRAMETAL - 35 x 53 x 18 cm - Gas Envasado,"• Código: C.6.BMGE
• Sin Llama Piloto
• BRAMETAL
• 35 x 53 x 18 cm
• Gas Envasado",0,0,https://rc-conversiones.vercel.app/images/productos/c-6-bmge.webp,0,19
C.6.BMGN,Calefacción,Calefones y Ventilación,Calefon 6L - Sin Llama Piloto,"Calefon 6L - Sin Llama Piloto. Equipo orientado a climatización, agua caliente o calefacción según el modelo indicado.",Calefon 6L - Sin Llama Piloto - BRAMETAL - 35 x 53 x 18 cm - Gas Envasado,"• Código: C.6.BMGN
• Sin Llama Piloto
• BRAMETAL
• 35 x 53 x 18 cm
• Gas Envasado",0,0,https://rc-conversiones.vercel.app/images/productos/c-6-bmgn.webp,0,19
C.6.BGE,Calefacción,Calefones y Ventilación,Calefon 6L - Con Llama Piloto,"Calefon 6L - Con Llama Piloto. Equipo orientado a climatización, agua caliente o calefacción según el modelo indicado.",Calefon 6L - Con Llama Piloto - BROGAS - 25cm x 46cm x 12 cm  - Gas Envasado,"• Código: C.6.BGE
• Con Llama Piloto
• BROGAS
• 25cm x 46cm x 12 cm
• Gas Envasado",0,0,https://rc-conversiones.vercel.app/images/productos/c-6-bge.webp,0,19
C.6.BGN,Calefacción,Calefones y Ventilación,Calefon 6L - Con Llama Piloto,"Calefon 6L - Con Llama Piloto. Equipo orientado a climatización, agua caliente o calefacción según el modelo indicado.",Calefon 6L - Con Llama Piloto - BROGAS - 25cm x 46cm x 12 cm  - Gas Natural,"• Código: C.6.BGN
• Con Llama Piloto
• BROGAS
• 25cm x 46cm x 12 cm
• Gas Natural",0,0,https://rc-conversiones.vercel.app/images/productos/c-6-bgn.webp,0,20
HAVC,Calefacción,Calefones y Ventilación,"Hongo de Aluminio P/Ventilacion - Chico 4""","Hongo de Aluminio P/Ventilacion - Chico 4"". Equipo orientado a climatización, agua caliente o calefacción según el modelo indicado.","Hongo de Aluminio P/Ventilacion - Chico 4""","• Código: HAVC
• Chico 4""",0,0,https://rc-conversiones.vercel.app/images/productos/havc.webp,0,20
HAVG,Calefacción,Calefones y Ventilación,"Hongo de Aluminio P/Ventilacion - Grande 4""","Hongo de Aluminio P/Ventilacion - Grande 4"". Equipo orientado a climatización, agua caliente o calefacción según el modelo indicado.","Hongo de Aluminio P/Ventilacion - Grande 4""","• Código: HAVG
• Grande 4""",0,0,https://rc-conversiones.vercel.app/images/productos/havg.webp,0,20
HAVL,Calefacción,Calefones y Ventilación,"Hongo de Aluminio P/Ventilacion - Lateral 4""","Hongo de Aluminio P/Ventilacion - Lateral 4"". Equipo orientado a climatización, agua caliente o calefacción según el modelo indicado.","Hongo de Aluminio P/Ventilacion - Lateral 4""","• Código: HAVL
• Lateral 4""",0,0,https://rc-conversiones.vercel.app/images/productos/havl.webp,0,20
T.12,Calefacción,Calentadores 12v,Termo Electrico P/Ficha Encendedor,"Termo Electrico P/Ficha Encendedor. Equipo orientado a climatización, agua caliente o calefacción según el modelo indicado.",Termo Electrico P/Ficha Encendedor - 12v,"• Código: T.12
• 12v",0,0,https://rc-conversiones.vercel.app/images/productos/t-12.webp,0,20
P.12,Calefacción,Calentadores 12v,Pava Electrica P/Ficha Encendedor,"Pava Electrica P/Ficha Encendedor. Equipo orientado a climatización, agua caliente o calefacción según el modelo indicado.",Pava Electrica P/Ficha Encendedor - 12v,"• Código: P.12
• 12v",0,0,https://rc-conversiones.vercel.app/images/productos/p-12.webp,0,20
V8.12,Ventilación,Ventiladores 12v,"Ventilador 8"" 12v","Ventilador 8"" 12v. Solución para favorecer ventilación y circulación de aire en el habitáculo.","Ventilador 8"" 12v","• Código: V8.12
• 12v",0,0,https://rc-conversiones.vercel.app/images/productos/v8-12.webp,0,20
V6.12,Ventilación,Ventiladores 12v,"Ventilador 6"" 12v","Ventilador 6"" 12v. Solución para favorecer ventilación y circulación de aire en el habitáculo.","Ventilador 6"" 12v","• Código: V6.12
• 12v",0,0,https://rc-conversiones.vercel.app/images/productos/v6-12.webp,0,20
H80.12.F,Heladeras,Heladeras FREUCAMP 12v 24v,Heladera FREUCAMP C/Congelador 80L,"Heladera FREUCAMP C/Congelador 80L. Equipo de refrigeración pensado para motorhomes, casas rodantes y vehículos recreativos.","Heladera FREUCAMP C/Congelador 80L - 12v 24v - 47,5 x 63 x 54,5 cm","• Código: H80.12.F
• 12v 24v
• 47,5 x 63 x 54,5 cm",0,0,https://rc-conversiones.vercel.app/images/productos/h80-12-f.webp,0,21
H90.12.F,Heladeras,Heladeras FREUCAMP 12v 24v,Heladera FREUCAMP C/Congelador 90L,"Heladera FREUCAMP C/Congelador 90L. Equipo de refrigeración pensado para motorhomes, casas rodantes y vehículos recreativos.","Heladera FREUCAMP C/Congelador 90L - 12v 24v - 42,8 x 98 x 49 cm","• Código: H90.12.F
• 12v 24v
• 42,8 x 98 x 49 cm",0,0,https://rc-conversiones.vercel.app/images/productos/h90-12-f.webp,0,21
H58.12,Heladeras,Heladeras FIVE OCEANS 12v 24v,Heladera FIVE OCEANS C/Freezer 58L 12v 24v + Display Digital (Puerta reversible),"Heladera FIVE OCEANS C/Freezer 58L 12v 24v + Display Digital (Puerta reversible). Equipo de refrigeración pensado para motorhomes, casas rodantes y vehículos recreativos.",Heladera FIVE OCEANS C/Freezer 58L 12v 24v + Display Digital (Puerta reversible) - NEGRA,"• Código: H58.12
• NEGRA",0,0,https://rc-conversiones.vercel.app/images/productos/h58-12.webp,0,21
H85.12,Heladeras,Heladeras FIVE OCEANS 12v 24v,Heladera FIVE OCEANS C/Freezer 85L 12v 24v + Display Digital,"Heladera FIVE OCEANS C/Freezer 85L 12v 24v + Display Digital. Equipo de refrigeración pensado para motorhomes, casas rodantes y vehículos recreativos.",Heladera FIVE OCEANS C/Freezer 85L 12v 24v + Display Digital - ACERO INOX.,"• Código: H85.12
• ACERO INOX",0,0,https://rc-conversiones.vercel.app/images/productos/h85-12.webp,0,21
H81.12B,Heladeras,Heladeras LACAR 12v 24v,Heladera LACAR C/Congelador 81L 12v 24v,"Heladera LACAR C/Congelador 81L 12v 24v. Equipo de refrigeración pensado para motorhomes, casas rodantes y vehículos recreativos.",Heladera LACAR C/Congelador 81L 12v 24v - 44 x 67 x 57 cm - BLANCA,"• Código: H81.12B
• 44 x 67 x 57 cm
• BLANCA",0,0,https://rc-conversiones.vercel.app/images/productos/h81-12b.webp,0,21
H81.12N,Heladeras,Heladeras LACAR 12v 24v,Heladera LACAR C/Congelador 81L 12v 24v,"Heladera LACAR C/Congelador 81L 12v 24v. Equipo de refrigeración pensado para motorhomes, casas rodantes y vehículos recreativos.",Heladera LACAR C/Congelador 81L 12v 24v - 44 x 67 x 57 cm - NEGRA,"• Código: H81.12N
• 44 x 67 x 57 cm
• NEGRA",0,0,https://rc-conversiones.vercel.app/images/productos/h81-12n.webp,0,21
H110.12B,Heladeras,Heladeras LACAR 12v 24v,Heladera LACAR C/Freezer 110L 12v 24v,"Heladera LACAR C/Freezer 110L 12v 24v. Equipo de refrigeración pensado para motorhomes, casas rodantes y vehículos recreativos.","Heladera LACAR C/Freezer 110L 12v 24v - 44,5 x 101 x 58,5 cm - BLANCA","• Código: H110.12B
• 44,5 x 101 x 58,5 cm
• BLANCA",0,0,https://rc-conversiones.vercel.app/images/productos/h110-12b.webp,0,21
H110.12N,Heladeras,Heladeras LACAR 12v 24v,Heladera LACAR C/Freezer 110L 12v 24v,"Heladera LACAR C/Freezer 110L 12v 24v. Equipo de refrigeración pensado para motorhomes, casas rodantes y vehículos recreativos.","Heladera LACAR C/Freezer 110L 12v 24v - 44,5 x 101 x 58,5 cm - NEGRA","• Código: H110.12N
• 44,5 x 101 x 58,5 cm
• NEGRA",0,0,https://rc-conversiones.vercel.app/images/productos/h110-12n.webp,0,22
H230.12B,Heladeras,Heladeras LACAR 12v 24v,Heladera LACAR C/Freezer 230L,"Heladera LACAR C/Freezer 230L. Equipo de refrigeración pensado para motorhomes, casas rodantes y vehículos recreativos.",Heladera LACAR C/Freezer 230L - 12v 24v - 55 x 125 x 63 cm - BLANCA,"• Código: H230.12B
• 12v 24v
• 55 x 125 x 63 cm
• BLANCA",0,0,https://rc-conversiones.vercel.app/images/productos/h230-12b.webp,0,22
H230.12N,Heladeras,Heladeras LACAR 12v 24v,Heladera LACAR C/Freezer 230L,"Heladera LACAR C/Freezer 230L. Equipo de refrigeración pensado para motorhomes, casas rodantes y vehículos recreativos.",Heladera LACAR C/Freezer 230L - 12v 24v - 55 x 125 x 63 cm - NEGRA,"• Código: H230.12N
• 12v 24v
• 55 x 125 x 63 cm
• NEGRA",0,0,https://rc-conversiones.vercel.app/images/productos/h230-12n.webp,0,22
H290.12B,Heladeras,Heladeras LACAR 12v 24v,Heladera LACAR C/Freezer 290L,"Heladera LACAR C/Freezer 290L. Equipo de refrigeración pensado para motorhomes, casas rodantes y vehículos recreativos.",Heladera LACAR C/Freezer 290L - 12v 24v - 55 x 162 x 63 cm - BLANCA,"• Código: H290.12B
• 12v 24v
• 55 x 162 x 63 cm
• BLANCA",0,0,https://rc-conversiones.vercel.app/images/productos/h290-12b.webp,0,22
H290.12N,Heladeras,Heladeras LACAR 12v 24v,Heladera LACAR C/Freezer 290L,"Heladera LACAR C/Freezer 290L. Equipo de refrigeración pensado para motorhomes, casas rodantes y vehículos recreativos.",Heladera LACAR C/Freezer 290L - 12v 24v - 55 x 162 x 63 cm - NEGRA,"• Código: H290.12N
• 12v 24v
• 55 x 162 x 63 cm
• NEGRA",0,0,https://rc-conversiones.vercel.app/images/productos/h290-12n.webp,0,22
H50.12,Heladeras,Heladeras 12v 24v,Heladera C/Congelador 50L,"Heladera C/Congelador 50L. Equipo de refrigeración pensado para motorhomes, casas rodantes y vehículos recreativos.",Heladera C/Congelador 50L - 12v 24v - 47 x 49 x 44 cm,"• Código: H50.12
• 12v 24v
• 47 x 49 x 44 cm",0,0,https://rc-conversiones.vercel.app/images/productos/h50-12.webp,0,22
H90.12,Heladeras,Heladeras 12v 24v,Heladera C/Congelador 90L,"Heladera C/Congelador 90L. Equipo de refrigeración pensado para motorhomes, casas rodantes y vehículos recreativos.",Heladera C/Congelador 90L - 12v 24v - 45 x 84 x 44 cm,"• Código: H90.12
• 12v 24v
• 45 x 84 x 44 cm",0,0,https://rc-conversiones.vercel.app/images/productos/h90-12.webp,0,22
H90F.12,Heladeras,Heladeras 12v 24v,Heladera C/Freezer 90L,"Heladera C/Freezer 90L. Equipo de refrigeración pensado para motorhomes, casas rodantes y vehículos recreativos.",Heladera C/Freezer 90L - 12v 24v - 38 x 75 x 41 cm - 14 kg - GRIS,"• Código: H90F.12
• 12v 24v
• 38 x 75 x 41 cm
• 14 kg
• GRIS",0,0,https://rc-conversiones.vercel.app/images/productos/h90f-12.webp,0,22
H105.12,Heladeras,Heladeras 12v 24v,Heladera C/Freezer 105L,"Heladera C/Freezer 105L. Equipo de refrigeración pensado para motorhomes, casas rodantes y vehículos recreativos.","Heladera C/Freezer 105L - 12v 24v - 42 x 87 x 44,5 cm - 17kg - GRIS","• Código: H105.12
• 12v 24v
• 42 x 87 x 44,5 cm
• 17kg
• GRIS",0,0,https://rc-conversiones.vercel.app/images/productos/h105-12.webp,0,23
HP.27,Heladeras,Heladeras Portátiles 12v 24v,Heladera Portatil ACTECMAX C/Freezer  27L,"Heladera Portatil ACTECMAX C/Freezer  27L. Equipo de refrigeración pensado para motorhomes, casas rodantes y vehículos recreativos.",Heladera Portatil ACTECMAX C/Freezer  27L - 12v 24v,"• Código: HP.27
• 12v 24v",0,0,https://rc-conversiones.vercel.app/images/productos/hp-27.webp,0,23
HP.35,Heladeras,Heladeras Portátiles 12v 24v,Heladera Portatil ACTECMAX C/Freezer 35L,"Heladera Portatil ACTECMAX C/Freezer 35L. Equipo de refrigeración pensado para motorhomes, casas rodantes y vehículos recreativos.",Heladera Portatil ACTECMAX C/Freezer 35L - 12v 24v,"• Código: HP.35
• 12v 24v",0,0,https://rc-conversiones.vercel.app/images/productos/hp-35.webp,0,23
HP.45,Heladeras,Heladeras Portátiles 12v 24v,Heladera Portatil ACTECMAX C/Freezer 45L,"Heladera Portatil ACTECMAX C/Freezer 45L. Equipo de refrigeración pensado para motorhomes, casas rodantes y vehículos recreativos.",Heladera Portatil ACTECMAX C/Freezer 45L - 12v 24v,"• Código: HP.45
• 12v 24v",0,0,https://rc-conversiones.vercel.app/images/productos/hp-45.webp,0,23
HP.50,Heladeras,Heladeras Portátiles 12v 24v,Heladera Portatil ACTECMAX C/Freezer Tipo Carrito  50L,"Heladera Portatil ACTECMAX C/Freezer Tipo Carrito  50L. Equipo de refrigeración pensado para motorhomes, casas rodantes y vehículos recreativos.",Heladera Portatil ACTECMAX C/Freezer Tipo Carrito  50L - 12v 24v,"• Código: HP.50
• 12v 24v",0,0,https://rc-conversiones.vercel.app/images/productos/hp-50.webp,0,23
FH.12,Heladeras,Fabricadora de Hielo 12v 24v,Fabricadora de Hielo Portatil 12v 24v - 9 Hielos por minuto,"Fabricadora de Hielo Portatil 12v 24v - 9 Hielos por minuto. Equipo de refrigeración pensado para motorhomes, casas rodantes y vehículos recreativos.",Fabricadora de Hielo Portatil 12v 24v - 9 Hielos por minuto,"• Código: FH.12
• 9 Hielos por minuto",0,0,https://rc-conversiones.vercel.app/images/productos/fh-12.webp,0,23
AA.220.D,Climatización,Aires Acondicionados 220v FRIO-CALOR - INVERTER,Aire Acondicionado Frio-Calor P/Instalar en Escotilla DOMETIC FJX7 (Tactil),Aire Acondicionado Frio-Calor P/Instalar en Escotilla DOMETIC FJX7 (Tactil). Solución de climatización pensada para mejorar el confort térmico durante el viaje y la estadía.,"Aire Acondicionado Frio-Calor P/Instalar en Escotilla DOMETIC FJX7 (Tactil) - 2200Fg - 75,2 x 70,2 x 22,5 cm","• Código: AA.220.D
• 2200Fg
• 75,2 x 70,2 x 22,5 cm",0,0,https://rc-conversiones.vercel.app/images/productos/aa-220-d.webp,0,23
AA.220.F2,Climatización,Aires Acondicionados 220v FRIO-CALOR - INVERTER,Aire Acondicionado Frio-Calor P/Instalar en Escotilla FREUCAMP,Aire Acondicionado Frio-Calor P/Instalar en Escotilla FREUCAMP. Solución de climatización pensada para mejorar el confort térmico durante el viaje y la estadía.,"Aire Acondicionado Frio-Calor P/Instalar en Escotilla FREUCAMP - 2700Fg - 72,8 x 23,9 x 99,6 cm","• Código: AA.220.F2
• 2700Fg
• 72,8 x 23,9 x 99,6 cm",0,0,https://rc-conversiones.vercel.app/images/productos/aa-220-f2.webp,0,24
AA.220.F1,Climatización,Aires Acondicionados 220v FRIO-CALOR - INVERTER,Aire Acondicionado Frio-Calor P/Instalar en Escotilla FREUCAMP,Aire Acondicionado Frio-Calor P/Instalar en Escotilla FREUCAMP. Solución de climatización pensada para mejorar el confort térmico durante el viaje y la estadía.,"Aire Acondicionado Frio-Calor P/Instalar en Escotilla FREUCAMP - 1720Fg - 56 x 22,5 x 79,5 cm","• Código: AA.220.F1
• 1720Fg
• 56 x 22,5 x 79,5 cm",0,0,https://rc-conversiones.vercel.app/images/productos/aa-220-f1.webp,0,24
AA.12.H,Climatización,Aires Acondicionados 24v,Aire Acondicionado 12v P/Instalar en Escotilla HDK,Aire Acondicionado 12v P/Instalar en Escotilla HDK. Solución de climatización pensada para mejorar el confort térmico durante el viaje y la estadía.,"Aire Acondicionado 12v P/Instalar en Escotilla HDK - 2200Fg - 70 x 74,5 x 19,5 cm","• Código: AA.12.H
• 2200Fg
• 70 x 74,5 x 19,5 cm",0,0,https://rc-conversiones.vercel.app/images/productos/aa-12-h.webp,0,24
AA.12.A,Climatización,Aires Acondicionados 24v,Aire Acondicionado AGRO 12v P/Instalar en Escotilla ACTECMAX,Aire Acondicionado AGRO 12v P/Instalar en Escotilla ACTECMAX. Solución de climatización pensada para mejorar el confort térmico durante el viaje y la estadía.,Aire Acondicionado AGRO 12v P/Instalar en Escotilla ACTECMAX - 2000Fg - C/Condesador y Pre-Filtro - 84 x 80 x 16 cm,"• Código: AA.12.A
• 2000Fg
• C/Condesador y Pre-Filtro
• 84 x 80 x 16 cm",0,0,https://rc-conversiones.vercel.app/images/productos/aa-12-a.webp,0,24
AA.12,Climatización,Aires Acondicionados 24v,Aire Acondicionado 12v P/Instalar en Escotilla  ACTECMAX,Aire Acondicionado 12v P/Instalar en Escotilla  ACTECMAX. Solución de climatización pensada para mejorar el confort térmico durante el viaje y la estadía.,Aire Acondicionado 12v P/Instalar en Escotilla  ACTECMAX - 2000Fg - 84 x 80 x 16 cm,"• Código: AA.12
• 2000Fg
• 84 x 80 x 16 cm",0,0,https://rc-conversiones.vercel.app/images/productos/aa-12.webp,0,24
AAL.12,Climatización,Aires Acondicionados 24v,Aire Acondicionado 12v P/Instalar en Lateral ACTECMAX,Aire Acondicionado 12v P/Instalar en Lateral ACTECMAX. Solución de climatización pensada para mejorar el confort térmico durante el viaje y la estadía.,Aire Acondicionado 12v P/Instalar en Lateral ACTECMAX - 2000Fg - 54 x 51 x 19 cm,"• Código: AAL.12
• 2000Fg
• 54 x 51 x 19 cm",0,0,https://rc-conversiones.vercel.app/images/productos/aal-12.webp,0,24
AA.24.H,Climatización,Aires Acondicionados 24v,Aire Acondicionado 24v P/Instalar en Escotilla HDK,Aire Acondicionado 24v P/Instalar en Escotilla HDK. Solución de climatización pensada para mejorar el confort térmico durante el viaje y la estadía.,"Aire Acondicionado 24v P/Instalar en Escotilla HDK - 2200Fg - 70 x 74,5 x 19,5 cm","• Código: AA.24.H
• 2200Fg
• 70 x 74,5 x 19,5 cm",0,0,https://rc-conversiones.vercel.app/images/productos/aa-24-h.webp,0,24
AA.24.HM,Climatización,Aires Acondicionados 24v,Aire Acondicionado 24v P/Instalar en Escotilla HDK,Aire Acondicionado 24v P/Instalar en Escotilla HDK. Solución de climatización pensada para mejorar el confort térmico durante el viaje y la estadía.,"Aire Acondicionado 24v P/Instalar en Escotilla HDK - 3300Fg - 70 x 74,5 x 19,5 cm","• Código: AA.24.HM
• 3300Fg
• 70 x 74,5 x 19,5 cm",0,0,https://rc-conversiones.vercel.app/images/productos/aa-24-hm.webp,0,25
AA.24,Climatización,Aires Acondicionados 24v,Aire Acondicionado 24v P/Instalar en Escotilla  ACTECMAX,Aire Acondicionado 24v P/Instalar en Escotilla  ACTECMAX. Solución de climatización pensada para mejorar el confort térmico durante el viaje y la estadía.,Aire Acondicionado 24v P/Instalar en Escotilla  ACTECMAX - 2000Fg - 84 x 80 x 16 cm,"• Código: AA.24
• 2000Fg
• 84 x 80 x 16 cm",0,0,https://rc-conversiones.vercel.app/images/productos/aa-24.webp,0,25
AAL.24,Climatización,Aires Acondicionados 24v,Aire Acondicionado 24v P/Instalar en Lateral ACTECMAX,Aire Acondicionado 24v P/Instalar en Lateral ACTECMAX. Solución de climatización pensada para mejorar el confort térmico durante el viaje y la estadía.,Aire Acondicionado 24v P/Instalar en Lateral ACTECMAX - 2000Fg - 54 x 51 x 19 cm,"• Código: AAL.24
• 2000Fg
• 54 x 51 x 19 cm",0,0,https://rc-conversiones.vercel.app/images/productos/aal-24.webp,0,25
CN.C.12,Climatización,Climatizadores 12v,Climatizador NEIL CAMPER / SLIM FULL,Climatizador NEIL CAMPER / SLIM FULL. Solución de climatización pensada para mejorar el confort térmico durante el viaje y la estadía.,Climatizador NEIL CAMPER / SLIM FULL - 87 x 9 x 62 cm - 12v,"• Código: CN.C.12
• 87 x 9 x 62 cm
• 12v",0,0,https://rc-conversiones.vercel.app/images/productos/cn-c-12.webp,0,25
CN.P.12,Climatización,Climatizadores 12v,Climatizador NEIL PATAGONIA,Climatizador NEIL PATAGONIA. Solución de climatización pensada para mejorar el confort térmico durante el viaje y la estadía.,Climatizador NEIL PATAGONIA - 87 x 9 x 62 cm - 12v,"• Código: CN.P.12
• 87 x 9 x 62 cm
• 12v",0,0,https://rc-conversiones.vercel.app/images/productos/cn-p-12.webp,0,25
CN.C.24,Climatización,Climatizadores 24v,Climatizador NEIL CAMPER / SLIM FULL,Climatizador NEIL CAMPER / SLIM FULL. Solución de climatización pensada para mejorar el confort térmico durante el viaje y la estadía.,Climatizador NEIL CAMPER / SLIM FULL - 87 x 9 x 62 cm - 24v,"• Código: CN.C.24
• 87 x 9 x 62 cm
• 24v",0,0,https://rc-conversiones.vercel.app/images/productos/cn-c-24.webp,0,25
CN.P.24,Climatización,Climatizadores 24v,Climatizador NEIL PATAGONIA,Climatizador NEIL PATAGONIA. Solución de climatización pensada para mejorar el confort térmico durante el viaje y la estadía.,Climatizador NEIL PATAGONIA - 87 x 9 x 62 cm - 24v,"• Código: CN.P.24
• 87 x 9 x 62 cm
• 24v",0,0,https://rc-conversiones.vercel.app/images/productos/cn-p-24.webp,0,25
RCN.TGO,Climatización,Repuestos Climatizadores NEIL,Carcasa Interior P/Climatizador - GRIS OSCURO,Carcasa Interior P/Climatizador - GRIS OSCURO. Solución de climatización pensada para mejorar el confort térmico durante el viaje y la estadía.,Carcasa Interior P/Climatizador - GRIS OSCURO - 37 x 28 cm x 13 cm,"• Código: RCN.TGO
• GRIS OSCURO
• 37 x 28 cm x 13 cm",0,0,https://rc-conversiones.vercel.app/images/productos/rcn-tgo.webp,0,26
RCN.TGC,Climatización,Repuestos Climatizadores NEIL,Carcasa Interior P/Climatizador - GRIS CLARO,Carcasa Interior P/Climatizador - GRIS CLARO. Solución de climatización pensada para mejorar el confort térmico durante el viaje y la estadía.,Carcasa Interior P/Climatizador - GRIS CLARO - 37 x 28 cm x 13 cm,"• Código: RCN.TGC
• GRIS CLARO
• 37 x 28 cm x 13 cm",0,0,https://rc-conversiones.vercel.app/images/productos/rcn-tgc.webp,0,26
RCN.TB,Climatización,Repuestos Climatizadores NEIL,Carcasa Interior P/Climatizador - BEIGE,Carcasa Interior P/Climatizador - BEIGE. Solución de climatización pensada para mejorar el confort térmico durante el viaje y la estadía.,Carcasa Interior P/Climatizador - BEIGE - 37 x 28 cm x 13 cm,"• Código: RCN.TB
• BEIGE
• 37 x 28 cm x 13 cm",0,0,https://rc-conversiones.vercel.app/images/productos/rcn-tb.webp,0,26
CD.812.CP,Calefacción,Calderas Diesel 12v,Calefactor Diesel 8000w 12v WINFULL C/Termostato + Control Remoto,"Calefactor Diesel 8000w 12v WINFULL C/Termostato + Control Remoto. Equipo orientado a climatización, agua caliente o calefacción según el modelo indicado.",Calefactor Diesel 8000w 12v WINFULL C/Termostato + Control Remoto - PORTATIL,"• Código: CD.812.CP
• PORTATIL",0,0,https://rc-conversiones.vercel.app/images/productos/cd-812-cp.webp,0,26
CD.512.CA,Calefacción,Calderas Diesel 12v,Calefactor Diesel 5000w 12v ACTECMAX C/Termostato + Control Remoto,"Calefactor Diesel 5000w 12v ACTECMAX C/Termostato + Control Remoto. Equipo orientado a climatización, agua caliente o calefacción según el modelo indicado.",Calefactor Diesel 5000w 12v ACTECMAX C/Termostato + Control Remoto - Carcasa Aluminio,"• Código: CD.512.CA
• Carcasa Aluminio",0,0,https://rc-conversiones.vercel.app/images/productos/cd-512-ca.webp,0,26
CD.512.CP,Calefacción,Calderas Diesel 12v,Calefactor Diesel 5000w 12v WINFULL C/Termostato + Control Remoto,"Calefactor Diesel 5000w 12v WINFULL C/Termostato + Control Remoto. Equipo orientado a climatización, agua caliente o calefacción según el modelo indicado.",Calefactor Diesel 5000w 12v WINFULL C/Termostato + Control Remoto - Carcasa Plastica,"• Código: CD.512.CP
• Carcasa Plastica",0,0,https://rc-conversiones.vercel.app/images/productos/cd-512-cp.webp,0,26
CD.212.CP,Calefacción,Calderas Diesel 12v,Calefactor Diesel 2000w 12v WINFULL C/Termostato + Control Remoto,"Calefactor Diesel 2000w 12v WINFULL C/Termostato + Control Remoto. Equipo orientado a climatización, agua caliente o calefacción según el modelo indicado.",Calefactor Diesel 2000w 12v WINFULL C/Termostato + Control Remoto - Carcasa Plastica,"• Código: CD.212.CP
• Carcasa Plastica",0,0,https://rc-conversiones.vercel.app/images/productos/cd-212-cp.webp,0,26
CD.212.CPT,Calefacción,Calderas Diesel 12v,Calefactor Diesel 2000w 12v TULK C/Termostato + Control Remoto,"Calefactor Diesel 2000w 12v TULK C/Termostato + Control Remoto. Equipo orientado a climatización, agua caliente o calefacción según el modelo indicado.",Calefactor Diesel 2000w 12v TULK C/Termostato + Control Remoto - Carcasa Plastica,"• Código: CD.212.CPT
• Carcasa Plastica",0,0,https://rc-conversiones.vercel.app/images/productos/cd-212-cpt.webp,0,26
CD.824.P,Calefacción,Calderas Diesel 24v,Calefactor Diesel 8000w 24v WINFULL C/Termostato + Control Remoto,"Calefactor Diesel 8000w 24v WINFULL C/Termostato + Control Remoto. Equipo orientado a climatización, agua caliente o calefacción según el modelo indicado.",Calefactor Diesel 8000w 24v WINFULL C/Termostato + Control Remoto - PORTATIL,"• Código: CD.824.P
• PORTATIL",0,0,https://rc-conversiones.vercel.app/images/productos/cd-824-p.webp,0,27
CD.524.CA,Calefacción,Calderas Diesel 24v,Calefactor Diesel 5000w 24v ACTECMAX C/Termostato + Control Remoto,"Calefactor Diesel 5000w 24v ACTECMAX C/Termostato + Control Remoto. Equipo orientado a climatización, agua caliente o calefacción según el modelo indicado.",Calefactor Diesel 5000w 24v ACTECMAX C/Termostato + Control Remoto - Carcasa Aluminio,"• Código: CD.524.CA
• Carcasa Aluminio",0,0,https://rc-conversiones.vercel.app/images/productos/cd-524-ca.webp,0,27
CD.524.CP,Calefacción,Calderas Diesel 24v,Calefactor Diesel 5000w 24v WINFULL C/Termostato + Control Remoto,"Calefactor Diesel 5000w 24v WINFULL C/Termostato + Control Remoto. Equipo orientado a climatización, agua caliente o calefacción según el modelo indicado.",Calefactor Diesel 5000w 24v WINFULL C/Termostato + Control Remoto - Carcasa Plastica,"• Código: CD.524.CP
• Carcasa Plastica",0,0,https://rc-conversiones.vercel.app/images/productos/cd-524-cp.webp,0,27
CD.824.CP,Calefacción,Calderas Diesel 24v,Calefactor Diesel 8000w 24v WINFULL C/Termostato + Control Remoto,"Calefactor Diesel 8000w 24v WINFULL C/Termostato + Control Remoto. Equipo orientado a climatización, agua caliente o calefacción según el modelo indicado.",Calefactor Diesel 8000w 24v WINFULL C/Termostato + Control Remoto - Carcasa Plastica,"• Código: CD.824.CP
• Carcasa Plastica",0,0,https://rc-conversiones.vercel.app/images/productos/cd-824-cp.webp,0,27
RDA.UT,Calefacción,Repuestos Calefactor Diesel ACTECMAX,Union T / 2 Salidas,"Union T / 2 Salidas. Equipo orientado a climatización, agua caliente o calefacción según el modelo indicado.",Union T / 2 Salidas,• Código: RDA.UT,0,0,https://rc-conversiones.vercel.app/images/productos/rda-ut.webp,0,27
RDA.VD,Calefacción,Repuestos Calefactor Diesel ACTECMAX,Ventilete Difusor / Rejilla de Salida,"Ventilete Difusor / Rejilla de Salida. Equipo orientado a climatización, agua caliente o calefacción según el modelo indicado.",Ventilete Difusor / Rejilla de Salida,• Código: RDA.VD,0,0,https://rc-conversiones.vercel.app/images/productos/rda-vd.webp,0,27
RDA.T10,Calefacción,Repuestos Calefactor Diesel ACTECMAX,Tanque de Combustible 10L,"Tanque de Combustible 10L. Equipo orientado a climatización, agua caliente o calefacción según el modelo indicado.",Tanque de Combustible 10L,"• Código: RDA.T10
• 10L",0,0,https://rc-conversiones.vercel.app/images/productos/rda-t10.webp,0,27
RDA.TE,Calefacción,Repuestos Calefactor Diesel ACTECMAX,Tubo de Escape,"Tubo de Escape. Equipo orientado a climatización, agua caliente o calefacción según el modelo indicado.",Tubo de Escape,• Código: RDA.TE,0,0,https://rc-conversiones.vercel.app/images/productos/rda-te.webp,0,27
RDA.STE,Calefacción,Repuestos Calefactor Diesel ACTECMAX,Silenciador P/Escape,"Silenciador P/Escape. Equipo orientado a climatización, agua caliente o calefacción según el modelo indicado.",Silenciador P/Escape,• Código: RDA.STE,0,0,https://rc-conversiones.vercel.app/images/productos/rda-ste.webp,0,28
RDA.DS,Calefacción,Repuestos Calefactor Diesel ACTECMAX,Ducto de salida,"Ducto de salida. Equipo orientado a climatización, agua caliente o calefacción según el modelo indicado.",Ducto de salida,• Código: RDA.DS,0,0,https://rc-conversiones.vercel.app/images/productos/rda-ds.webp,0,28
RDA.FS,Calefacción,Repuestos Calefactor Diesel ACTECMAX,Filtro de Aire,"Filtro de Aire. Equipo orientado a climatización, agua caliente o calefacción según el modelo indicado.",Filtro de Aire,• Código: RDA.FS,0,0,https://rc-conversiones.vercel.app/images/productos/rda-fs.webp,0,28
RDA.B.12,Calefacción,Repuestos Calefactor Diesel ACTECMAX,Bujia 12v,"Bujia 12v. Equipo orientado a climatización, agua caliente o calefacción según el modelo indicado.",Bujia 12v,"• Código: RDA.B.12
• 12v",0,0,https://rc-conversiones.vercel.app/images/productos/rda-b-12.webp,0,28
RDA.B.24,Calefacción,Repuestos Calefactor Diesel ACTECMAX,Bujia 24v,"Bujia 24v. Equipo orientado a climatización, agua caliente o calefacción según el modelo indicado.",Bujia 24v,"• Código: RDA.B.24
• 24v",0,0,https://rc-conversiones.vercel.app/images/productos/rda-b-24.webp,0,28
RDA.FB,Calefacción,Repuestos Calefactor Diesel ACTECMAX,Filtro P/Bujia,"Filtro P/Bujia. Equipo orientado a climatización, agua caliente o calefacción según el modelo indicado.",Filtro P/Bujia,• Código: RDA.FB,0,0,https://rc-conversiones.vercel.app/images/productos/rda-fb.webp,0,28
RDA.BG.12,Calefacción,Repuestos Calefactor Diesel ACTECMAX,Bomba de Gasoil 12v,"Bomba de Gasoil 12v. Equipo orientado a climatización, agua caliente o calefacción según el modelo indicado.",Bomba de Gasoil 12v,"• Código: RDA.BG.12
• 12v",0,0,https://rc-conversiones.vercel.app/images/productos/rda-bg-12.webp,0,28
RDA.BG.24,Calefacción,Repuestos Calefactor Diesel ACTECMAX,Bomba de Gasoil 24v,"Bomba de Gasoil 24v. Equipo orientado a climatización, agua caliente o calefacción según el modelo indicado.",Bomba de Gasoil 24v,"• Código: RDA.BG.24
• 24v",0,0,https://rc-conversiones.vercel.app/images/productos/rda-bg-24.webp,0,28
RDA.FG,Calefacción,Repuestos Calefactor Diesel ACTECMAX,Filtro de Gasoil,"Filtro de Gasoil. Equipo orientado a climatización, agua caliente o calefacción según el modelo indicado.",Filtro de Gasoil,• Código: RDA.FG,0,0,https://rc-conversiones.vercel.app/images/productos/rda-fg.webp,0,29
RDA.S12,Calefacción,Repuestos Calefactor Diesel ACTECMAX,Soplador 12v,"Soplador 12v. Equipo orientado a climatización, agua caliente o calefacción según el modelo indicado.",Soplador 12v,"• Código: RDA.S12
• 12v",0,0,https://rc-conversiones.vercel.app/images/productos/rda-s12.webp,0,29
RDA.S24,Calefacción,Repuestos Calefactor Diesel ACTECMAX,Soplador 24v,"Soplador 24v. Equipo orientado a climatización, agua caliente o calefacción según el modelo indicado.",Soplador 24v,"• Código: RDA.S24
• 24v",0,0,https://rc-conversiones.vercel.app/images/productos/rda-s24.webp,0,29
RDA.QP,Calefacción,Repuestos Calefactor Diesel ACTECMAX,Quemador Parking Heater,"Quemador Parking Heater. Equipo orientado a climatización, agua caliente o calefacción según el modelo indicado.",Quemador Parking Heater,• Código: RDA.QP,0,0,https://rc-conversiones.vercel.app/images/productos/rda-qp.webp,0,29
RDA.GA,Calefacción,Repuestos Calefactor Diesel ACTECMAX,Goma de asiento,"Goma de asiento. Equipo orientado a climatización, agua caliente o calefacción según el modelo indicado.",Goma de asiento,• Código: RDA.GA,0,0,https://rc-conversiones.vercel.app/images/productos/rda-ga.webp,0,29
RDA.JAQ,Calefacción,Repuestos Calefactor Diesel ACTECMAX,Junta Asiento Quemador,"Junta Asiento Quemador. Equipo orientado a climatización, agua caliente o calefacción según el modelo indicado.",Junta Asiento Quemador,• Código: RDA.JAQ,0,0,https://rc-conversiones.vercel.app/images/productos/rda-jaq.webp,0,29
RDA.JBP,Calefacción,Repuestos Calefactor Diesel ACTECMAX,Junta Block Parking Heater,"Junta Block Parking Heater. Equipo orientado a climatización, agua caliente o calefacción según el modelo indicado.",Junta Block Parking Heater,• Código: RDA.JBP,0,0,https://rc-conversiones.vercel.app/images/productos/rda-jbp.webp,0,29
RDA.D.34,Calefacción,Repuestos Calefactor Diesel ACTECMAX,Display - RAD303/RAD 304,"Display - RAD303/RAD 304. Equipo orientado a climatización, agua caliente o calefacción según el modelo indicado.",Display - RAD303/RAD 304,"• Código: RDA.D.34
• RAD303/RAD 304",0,0,https://rc-conversiones.vercel.app/images/productos/rda-d-34.webp,0,29
RDA.D.1,Calefacción,Repuestos Calefactor Diesel ACTECMAX,DIsplay - RAD301,"DIsplay - RAD301. Equipo orientado a climatización, agua caliente o calefacción según el modelo indicado.",DIsplay - RAD301,"• Código: RDA.D.1
• RAD301",0,0,https://rc-conversiones.vercel.app/images/productos/rda-d-1.webp,0,30
RDA.D.2,Calefacción,Repuestos Calefactor Diesel ACTECMAX,DIsplay - RAD302,"DIsplay - RAD302. Equipo orientado a climatización, agua caliente o calefacción según el modelo indicado.",DIsplay - RAD302,"• Código: RDA.D.2
• RAD302",0,0,https://rc-conversiones.vercel.app/images/productos/rda-d-2.webp,0,30
RDA.P1,Calefacción,Repuestos Calefactor Diesel ACTECMAX,Plaqueta RAD301,"Plaqueta RAD301. Equipo orientado a climatización, agua caliente o calefacción según el modelo indicado.",Plaqueta RAD301,• Código: RDA.P1,0,0,https://rc-conversiones.vercel.app/images/productos/rda-p1.webp,0,30
RDA.P2,Calefacción,Repuestos Calefactor Diesel ACTECMAX,Plaqueta RAD302,"Plaqueta RAD302. Equipo orientado a climatización, agua caliente o calefacción según el modelo indicado.",Plaqueta RAD302,• Código: RDA.P2,0,0,https://rc-conversiones.vercel.app/images/productos/rda-p2.webp,0,30
RDA.R34,Calefacción,Repuestos Calefactor Diesel ACTECMAX,Plaqueta RAD 303/304,"Plaqueta RAD 303/304. Equipo orientado a climatización, agua caliente o calefacción según el modelo indicado.",Plaqueta RAD 303/304,• Código: RDA.R34,0,0,https://rc-conversiones.vercel.app/images/productos/rda-r34.webp,0,30
RDA.CR34,Calefacción,Repuestos Calefactor Diesel ACTECMAX,Cableado RAD 303/304,"Cableado RAD 303/304. Equipo orientado a climatización, agua caliente o calefacción según el modelo indicado.",Cableado RAD 303/304,• Código: RDA.CR34,0,0,https://rc-conversiones.vercel.app/images/productos/rda-cr34.webp,0,30
SP.12,Cocina,Accesorios,Secador de Pelo Plegable 12v - CARBEST,Secador de Pelo Plegable 12v - CARBEST. Producto pensado para equipar la cocina de motorhomes y espacios compactos.,Secador de Pelo Plegable 12v - CARBEST,"• Código: SP.12
• CARBEST",0,0,https://rc-conversiones.vercel.app/images/productos/sp-12.webp,0,30
CH.2H.VGE,Cocina,Cocinas con Horno Verticales,Cocina C/Horno 2H Brogas Vertical Angosta,Cocina C/Horno 2H Brogas Vertical Angosta. Producto pensado para equipar la cocina de motorhomes y espacios compactos.,Cocina C/Horno 2H Brogas Vertical Angosta - 33 x 85 x 53 cm - Gas Envasado,"• Código: CH.2H.VGE
• 33 x 85 x 53 cm
• Gas Envasado",0,0,https://rc-conversiones.vercel.app/images/productos/ch-2h-vge.webp,0,31
CH.2H.VGN,Cocina,Cocinas con Horno Verticales,Cocina C/Horno 2H Brogas Vertical Angosta,Cocina C/Horno 2H Brogas Vertical Angosta. Producto pensado para equipar la cocina de motorhomes y espacios compactos.,Cocina C/Horno 2H Brogas Vertical Angosta - 33 x 85 x 53 cm - Gas Natural,"• Código: CH.2H.VGN
• 33 x 85 x 53 cm
• Gas Natural",0,0,https://rc-conversiones.vercel.app/images/productos/ch-2h-vgn.webp,0,31
CH.2H.KVGE,Cocina,Cocinas con Horno Verticales,Cocina C/Horno 2H Kitchenette Vertical Angosta,Cocina C/Horno 2H Kitchenette Vertical Angosta. Producto pensado para equipar la cocina de motorhomes y espacios compactos.,Cocina C/Horno 2H Kitchenette Vertical Angosta - 36 x 86 x 53 cm - ACERO INOX. - Gas Envasado,"• Código: CH.2H.KVGE
• 36 x 86 x 53 cm
• ACERO INOX
• Gas Envasado",0,0,https://rc-conversiones.vercel.app/images/productos/ch-2h-kvge.webp,0,31
CH.2H.KVGN,Cocina,Cocinas con Horno Verticales,Cocina C/Horno 2H Kitchenette Vertical Angosta,Cocina C/Horno 2H Kitchenette Vertical Angosta. Producto pensado para equipar la cocina de motorhomes y espacios compactos.,Cocina C/Horno 2H Kitchenette Vertical Angosta - 36 x 86 x 53 cm - ACERO INOX. - Gas Natural,"• Código: CH.2H.KVGN
• 36 x 86 x 53 cm
• ACERO INOX
• Gas Natural",0,0,https://rc-conversiones.vercel.app/images/productos/ch-2h-kvgn.webp,0,31
CH.2H.KNVGE,Cocina,Cocinas con Horno Verticales,Cocina C/Horno 2H Kitchenette Vertical Angosta,Cocina C/Horno 2H Kitchenette Vertical Angosta. Producto pensado para equipar la cocina de motorhomes y espacios compactos.,Cocina C/Horno 2H Kitchenette Vertical Angosta - 36 x 86 x 53 cm - NEGRA - Gas Envasado,"• Código: CH.2H.KNVGE
• 36 x 86 x 53 cm
• NEGRA
• Gas Envasado",0,0,https://rc-conversiones.vercel.app/images/productos/ch-2h-knvge.webp,0,31
CH.2H.KNVGN,Cocina,Cocinas con Horno Verticales,Cocina C/Horno 2H Kitchenette Vertical Angosta,Cocina C/Horno 2H Kitchenette Vertical Angosta. Producto pensado para equipar la cocina de motorhomes y espacios compactos.,Cocina C/Horno 2H Kitchenette Vertical Angosta - 36 x 86 x 53 cm - NEGRA - Gas Natural,"• Código: CH.2H.KNVGN
• 36 x 86 x 53 cm
• NEGRA
• Gas Natural",0,0,https://rc-conversiones.vercel.app/images/productos/ch-2h-knvgn.webp,0,31
CH.2H.SGE,Cocina,Cocinas con Horno para Embutir,Cocina C/Horno 2H Brogas Sopita,Cocina C/Horno 2H Brogas Sopita. Producto pensado para equipar la cocina de motorhomes y espacios compactos.,Cocina C/Horno 2H Brogas Sopita - 51 x 43 x 36 cm - Gas Envasado,"• Código: CH.2H.SGE
• 51 x 43 x 36 cm
• Gas Envasado",0,0,https://rc-conversiones.vercel.app/images/productos/ch-2h-sge.webp,0,31
CH.2H.SGN,Cocina,Cocinas con Horno para Embutir,Cocina C/Horno 2H Brogas Sopita,Cocina C/Horno 2H Brogas Sopita. Producto pensado para equipar la cocina de motorhomes y espacios compactos.,Cocina C/Horno 2H Brogas Sopita - 51 x 43 x 36 cm - Gas Natural,"• Código: CH.2H.SGN
• 51 x 43 x 36 cm
• Gas Natural",0,0,https://rc-conversiones.vercel.app/images/productos/ch-2h-sgn.webp,0,31
CH.2H.DNGE,Cocina,Cocinas con Horno para Embutir,Cocina C/Horno 2H BRAM METAL Deluxe,Cocina C/Horno 2H BRAM METAL Deluxe. Producto pensado para equipar la cocina de motorhomes y espacios compactos.,Cocina C/Horno 2H BRAM METAL Deluxe - Negra - 51 x 43 x 36 cm - Gas Envasado,"• Código: CH.2H.DNGE
• Negra
• 51 x 43 x 36 cm
• Gas Envasado",0,0,https://rc-conversiones.vercel.app/images/productos/ch-2h-dnge.webp,0,32
CH.2H.DNGN,Cocina,Cocinas con Horno para Embutir,Cocina C/Horno 2H BRAM METAL Deluxe,Cocina C/Horno 2H BRAM METAL Deluxe. Producto pensado para equipar la cocina de motorhomes y espacios compactos.,Cocina C/Horno 2H BRAM METAL Deluxe - Negra - 51x43x36 cm - Gas Natural,"• Código: CH.2H.DNGN
• Negra
• 51x43x36 cm
• Gas Natural",0,0,https://rc-conversiones.vercel.app/images/productos/ch-2h-dngn.webp,0,32
CH.2H.BNGE,Cocina,Cocinas con Horno para Embutir,Cocina C/Horno 2H BRAM METAL,Cocina C/Horno 2H BRAM METAL. Producto pensado para equipar la cocina de motorhomes y espacios compactos.,Cocina C/Horno 2H BRAM METAL - Negra - 51 x 43 x 36 cm - Gas Envasado,"• Código: CH.2H.BNGE
• Negra
• 51 x 43 x 36 cm
• Gas Envasado",0,0,https://rc-conversiones.vercel.app/images/productos/ch-2h-bnge.webp,0,32
CH.2H.BNGN,Cocina,Cocinas con Horno para Embutir,Cocina C/Horno 2H BRAM METAL,Cocina C/Horno 2H BRAM METAL. Producto pensado para equipar la cocina de motorhomes y espacios compactos.,Cocina C/Horno 2H BRAM METAL - Negra - 51 x 43 x 36 cm - Gas Natural,"• Código: CH.2H.BNGN
• Negra
• 51 x 43 x 36 cm
• Gas Natural",0,0,https://rc-conversiones.vercel.app/images/productos/ch-2h-bngn.webp,0,32
CH.2H.BBGE,Cocina,Cocinas con Horno para Embutir,Cocina C/Horno 2H BRAM METAL,Cocina C/Horno 2H BRAM METAL. Producto pensado para equipar la cocina de motorhomes y espacios compactos.,Cocina C/Horno 2H BRAM METAL - Blanca - 51 x 43 x 36 cm - Gas Envasado,"• Código: CH.2H.BBGE
• Blanca
• 51 x 43 x 36 cm
• Gas Envasado",0,0,https://rc-conversiones.vercel.app/images/productos/ch-2h-bbge.webp,0,32
CH.2H.BBGN,Cocina,Cocinas con Horno para Embutir,Cocina C/Horno 2H BRAM METAL,Cocina C/Horno 2H BRAM METAL. Producto pensado para equipar la cocina de motorhomes y espacios compactos.,Cocina C/Horno 2H BRAM METAL - Blanca - 51 x 43 x 36 cm - Gas Natural,"• Código: CH.2H.BBGN
• Blanca
• 51 x 43 x 36 cm
• Gas Natural",0,0,https://rc-conversiones.vercel.app/images/productos/ch-2h-bbgn.webp,0,32
BAI.TV.A2,Cocina,Bachas y Anafes con Tapa de Vidrio,"Bacha C/Tapa de Vidro, Griferia y Anafe 2H","Bacha C/Tapa de Vidro, Griferia y Anafe 2H. Producto pensado para equipar la cocina de motorhomes y espacios compactos.","Bacha C/Tapa de Vidro, Griferia y Anafe 2H",• Código: BAI.TV.A2,0,0,https://rc-conversiones.vercel.app/images/productos/bai-tv-a2.webp,0,32
A.2.TV,Cocina,Bachas y Anafes con Tapa de Vidrio,Anafe 2H C/Tapa de Vidrio,Anafe 2H C/Tapa de Vidrio. Producto pensado para equipar la cocina de motorhomes y espacios compactos.,Anafe 2H C/Tapa de Vidrio,• Código: A.2.TV,0,0,https://rc-conversiones.vercel.app/images/productos/a-2-tv.webp,0,32
BAI.TV,Cocina,Bachas y Anafes con Tapa de Vidrio,Bacha Acero C/Tapa de Vidrio y Griferia,Bacha Acero C/Tapa de Vidrio y Griferia. Producto pensado para equipar la cocina de motorhomes y espacios compactos.,Bacha Acero C/Tapa de Vidrio y Griferia,• Código: BAI.TV,0,0,https://rc-conversiones.vercel.app/images/productos/bai-tv.webp,0,33
AOAI,Cocina,Anafes 2 Hornallas,Anafe 2H Ormay Carmin IX - C/Encendido Electrico,Anafe 2H Ormay Carmin IX - C/Encendido Electrico. Producto pensado para equipar la cocina de motorhomes y espacios compactos.,Anafe 2H Ormay Carmin IX - C/Encendido Electrico - Gas Envasado,"• Código: AOAI
• C/Encendido Electrico
• Gas Envasado",0,0,https://rc-conversiones.vercel.app/images/productos/aoai.webp,0,33
AON,Cocina,Anafes 2 Hornallas,Anafe 2H Ormay Carmin N - C/Encendido Electrico,Anafe 2H Ormay Carmin N - C/Encendido Electrico. Producto pensado para equipar la cocina de motorhomes y espacios compactos.,Anafe 2H Ormay Carmin N - C/Encendido Electrico - Gas Envasado,"• Código: AON
• C/Encendido Electrico
• Gas Envasado",0,0,https://rc-conversiones.vercel.app/images/productos/aon.webp,0,33
AOB,Cocina,Anafes 2 Hornallas,Anafe 2H Ormay Carmin S - Gas Envasado,Anafe 2H Ormay Carmin S - Gas Envasado. Producto pensado para equipar la cocina de motorhomes y espacios compactos.,Anafe 2H Ormay Carmin S - Gas Envasado,"• Código: AOB
• Gas Envasado",0,0,https://rc-conversiones.vercel.app/images/productos/aob.webp,0,33
BAI.RE34,Cocina,Bachas de Acero Inoxidable,Bacha Acero Inox. Rectangular,Bacha Acero Inox. Rectangular. Producto pensado para equipar la cocina de motorhomes y espacios compactos.,Bacha Acero Inox. Rectangular - 37 x 18 x 34 cm,"• Código: BAI.RE34
• 37 x 18 x 34 cm",0,0,https://rc-conversiones.vercel.app/images/productos/bai-re34.webp,0,33
BAI.RE,Cocina,Bachas de Acero Inoxidable,Bacha Acero Inox. Rectangular,Bacha Acero Inox. Rectangular. Producto pensado para equipar la cocina de motorhomes y espacios compactos.,Bacha Acero Inox. Rectangular - 37 x 18 x 27 cm,"• Código: BAI.RE
• 37 x 18 x 27 cm",0,0,https://rc-conversiones.vercel.app/images/productos/bai-re.webp,0,33
BAI.R,Cocina,Bachas de Acero Inoxidable,Bacha Acero Inox. Redonda,Bacha Acero Inox. Redonda. Producto pensado para equipar la cocina de motorhomes y espacios compactos.,Bacha Acero Inox. Redonda - 26 x 15 cm,"• Código: BAI.R
• 26 x 15 cm",0,0,https://rc-conversiones.vercel.app/images/productos/bai-r.webp,0,33
BAI.O.P,Cocina,Bachas de Acero Inoxidable,Bacha Acero Inox. Ovalada PILETIN,Bacha Acero Inox. Ovalada PILETIN. Producto pensado para equipar la cocina de motorhomes y espacios compactos.,Bacha Acero Inox. Ovalada PILETIN - 36 x 16 x 13cm,"• Código: BAI.O.P
• 36 x 16 x 13cm",0,0,https://rc-conversiones.vercel.app/images/productos/bai-o-p.webp,0,33
BAI.O,Aberturas,Bachas de Acero Inoxidable,Bacha Acero Inox. Ovalada,"Bacha Acero Inox. Ovalada. Componente pensado para puertas, ventanas y cerramientos de motorhomes.",Bacha Acero Inox. Ovalada - 33 x 13 x 24 cm,"• Código: BAI.O
• 33 x 13 x 24 cm",0,0,https://rc-conversiones.vercel.app/images/productos/bai-o.webp,0,34
DJLD,Aberturas,Accesorios,Dispenser de Jabon Liquido o Detergente,"Dispenser de Jabon Liquido o Detergente. Componente pensado para puertas, ventanas y cerramientos de motorhomes.",Dispenser de Jabon Liquido o Detergente,• Código: DJLD,0,0,https://rc-conversiones.vercel.app/images/productos/djld.webp,0,34
PM.18262,Aberturas,Puertas de Acceso,Puerta Acceso Motorhome de Aluminio C/Black Out y Mosquitero,"Puerta Acceso Motorhome de Aluminio C/Black Out y Mosquitero. Componente pensado para puertas, ventanas y cerramientos de motorhomes.",Puerta Acceso Motorhome de Aluminio C/Black Out y Mosquitero - 182x62 cm,"• Código: PM.18262
• 182x62 cm",0,0,https://rc-conversiones.vercel.app/images/productos/pm-18262.webp,0,34
MP.17055.NE,Aberturas,Marcos para Puertas,Marco P/Puerta - MARCO NEGRO,"Marco P/Puerta - MARCO NEGRO. Componente pensado para puertas, ventanas y cerramientos de motorhomes.",Marco P/Puerta  - MARCO NEGRO - 170x55 cm,"• Código: MP.17055.NE
• MARCO NEGRO
• 170x55 cm",0,0,https://rc-conversiones.vercel.app/images/productos/mp-17055-ne.webp,0,34
MP.17065.NE,Aberturas,Marcos para Puertas,Marco P/Puerta - MARCO NEGRO,"Marco P/Puerta - MARCO NEGRO. Componente pensado para puertas, ventanas y cerramientos de motorhomes.",Marco P/Puerta  - MARCO NEGRO - 170x65 cm,"• Código: MP.17065.NE
• MARCO NEGRO
• 170x65 cm",0,0,https://rc-conversiones.vercel.app/images/productos/mp-17065-ne.webp,0,34
MP.17080.NE,Aberturas,Marcos para Puertas,Marco P/Puerta - MARCO NEGRO,"Marco P/Puerta - MARCO NEGRO. Componente pensado para puertas, ventanas y cerramientos de motorhomes.",Marco P/Puerta  - MARCO NEGRO - 170x80 cm,"• Código: MP.17080.NE
• MARCO NEGRO
• 170x80 cm",0,0,https://rc-conversiones.vercel.app/images/productos/mp-17080-ne.webp,0,34
MP.17055.NA,Aberturas,Marcos para Puertas,Marco P/Puerta - MARCO NATURAL,"Marco P/Puerta - MARCO NATURAL. Componente pensado para puertas, ventanas y cerramientos de motorhomes.",Marco P/Puerta  - MARCO NATURAL - 170x55 cm,"• Código: MP.17055.NA
• MARCO NATURAL
• 170x55 cm",0,0,https://rc-conversiones.vercel.app/images/productos/mp-17055-na.webp,0,34
MP.17065.NA,Aberturas,Marcos para Puertas,Marco P/Puerta - MARCO NATURAL,"Marco P/Puerta - MARCO NATURAL. Componente pensado para puertas, ventanas y cerramientos de motorhomes.",Marco P/Puerta  - MARCO NATURAL - 170x65 cm,"• Código: MP.17065.NA
• MARCO NATURAL
• 170x65 cm",0,0,https://rc-conversiones.vercel.app/images/productos/mp-17065-na.webp,0,35
MP.17080.NA,Aberturas,Marcos para Puertas,Marco P/Puerta - MARCO NATURAL,"Marco P/Puerta - MARCO NATURAL. Componente pensado para puertas, ventanas y cerramientos de motorhomes.",Marco P/Puerta  - MARCO NATURAL - 170x80 cm,"• Código: MP.17080.NA
• MARCO NATURAL
• 170x80 cm",0,0,https://rc-conversiones.vercel.app/images/productos/mp-17080-na.webp,0,35
PB.4545,Aberturas,Puertas Bauleras,Puerta Para Baulera C/llave,"Puerta Para Baulera C/llave. Componente pensado para puertas, ventanas y cerramientos de motorhomes.",Puerta Para Baulera C/llave - 45×45 cm,"• Código: PB.4545
• 45×45 cm",0,0,https://rc-conversiones.vercel.app/images/productos/pb-4545.webp,0,35
PB.6045,Aberturas,Puertas Bauleras,Puerta Para Baulera C/llave,"Puerta Para Baulera C/llave. Componente pensado para puertas, ventanas y cerramientos de motorhomes.",Puerta Para Baulera C/llave - 60×45 cm,"• Código: PB.6045
• 60×45 cm",0,0,https://rc-conversiones.vercel.app/images/productos/pb-6045.webp,0,35
PB.8045,Aberturas,Puertas Bauleras,Puerta Para Baulera C/llave,"Puerta Para Baulera C/llave. Componente pensado para puertas, ventanas y cerramientos de motorhomes.",Puerta Para Baulera C/llave - 80×45 cm,"• Código: PB.8045
• 80×45 cm",0,0,https://rc-conversiones.vercel.app/images/productos/pb-8045.webp,0,35
PB.8060,Aberturas,Puertas Bauleras,Puerta Para Baulera C/llave,"Puerta Para Baulera C/llave. Componente pensado para puertas, ventanas y cerramientos de motorhomes.",Puerta Para Baulera C/llave - 80×60 cm,"• Código: PB.8060
• 80×60 cm",0,0,https://rc-conversiones.vercel.app/images/productos/pb-8060.webp,0,35
MB.7088.NE,Aberturas,Marco Bauleras,Marco P/Baulera - MARCO NEGRO,"Marco P/Baulera - MARCO NEGRO. Componente pensado para puertas, ventanas y cerramientos de motorhomes.",Marco P/Baulera - MARCO NEGRO - 70x88 cm,"• Código: MB.7088.NE
• MARCO NEGRO
• 70x88 cm",0,0,https://rc-conversiones.vercel.app/images/productos/mb-7088-ne.webp,0,35
MB.8040.NE,Aberturas,Marco Bauleras,Marco P/Baulera - MARCO NEGRO,"Marco P/Baulera - MARCO NEGRO. Componente pensado para puertas, ventanas y cerramientos de motorhomes.",Marco P/Baulera - MARCO NEGRO - 80x40 cm,"• Código: MB.8040.NE
• MARCO NEGRO
• 80x40 cm",0,0,https://rc-conversiones.vercel.app/images/productos/mb-8040-ne.webp,0,36
MB.5040.NE,Aberturas,Marco Bauleras,Marco P/Baulera - MARCO NEGRO,"Marco P/Baulera - MARCO NEGRO. Componente pensado para puertas, ventanas y cerramientos de motorhomes.",Marco P/Baulera - MARCO NEGRO - 50x40 cm,"• Código: MB.5040.NE
• MARCO NEGRO
• 50x40 cm",0,0,https://rc-conversiones.vercel.app/images/productos/mb-5040-ne.webp,0,36
MB.7088.NA,Aberturas,Marco Bauleras,Marco P/Baulera - MARCO NATURAL,"Marco P/Baulera - MARCO NATURAL. Componente pensado para puertas, ventanas y cerramientos de motorhomes.",Marco P/Baulera - MARCO NATURAL - 70x88 cm,"• Código: MB.7088.NA
• MARCO NATURAL
• 70x88 cm",0,0,https://rc-conversiones.vercel.app/images/productos/mb-7088-na.webp,0,36
MB.8040.NA,Aberturas,Marco Bauleras,Marco P/Baulera - MARCO NATURAL,"Marco P/Baulera - MARCO NATURAL. Componente pensado para puertas, ventanas y cerramientos de motorhomes.",Marco P/Baulera - MARCO NATURAL - 80x40 cm,"• Código: MB.8040.NA
• MARCO NATURAL
• 80x40 cm",0,0,https://rc-conversiones.vercel.app/images/productos/mb-8040-na.webp,0,36
MB.5040.NA,Aberturas,Marco Bauleras,Marco P/Baulera - MARCO NATURAL,"Marco P/Baulera - MARCO NATURAL. Componente pensado para puertas, ventanas y cerramientos de motorhomes.",Marco P/Baulera - MARCO NATURAL - 50x40 cm,"• Código: MB.5040.NA
• MARCO NATURAL
• 50x40 cm",0,0,https://rc-conversiones.vercel.app/images/productos/mb-5040-na.webp,0,36
VLA.2838,Aberturas,Ventanas de Doble Acrilico - Planas,Ventana Levadiza de Acrilico Plana,"Ventana Levadiza de Acrilico Plana. Componente pensado para puertas, ventanas y cerramientos de motorhomes.","Ventana Levadiza de Acrilico Plana - C/Doble Aislante, Black Out y Mosquitero 28x38 cm","• Código: VLA.2838
• C/Doble Aislante, Black Out y Mosquitero 28x38 cm",0,0,https://rc-conversiones.vercel.app/images/productos/vla-2838.webp,0,36
VLA.3550,Aberturas,Ventanas de Doble Acrilico - Planas,Ventana Levadiza de Acrilico Plana,"Ventana Levadiza de Acrilico Plana. Componente pensado para puertas, ventanas y cerramientos de motorhomes.","Ventana Levadiza de Acrilico Plana - C/Doble Aislante, Black Out y Mosquitero 35x50 cm","• Código: VLA.3550
• C/Doble Aislante, Black Out y Mosquitero 35x50 cm",0,0,https://rc-conversiones.vercel.app/images/productos/vla-3550.webp,0,36
VLA.5030,Aberturas,Ventanas de Doble Acrilico - Planas,Ventana Levadiza de Acrilico Plana,"Ventana Levadiza de Acrilico Plana. Componente pensado para puertas, ventanas y cerramientos de motorhomes.","Ventana Levadiza de Acrilico Plana - C/Doble Aislante, Black Out y Mosquitero 50x30 cm","• Código: VLA.5030
• C/Doble Aislante, Black Out y Mosquitero 50x30 cm",0,0,https://rc-conversiones.vercel.app/images/productos/vla-5030.webp,0,36
VLA.6145,Aberturas,Ventanas de Doble Acrilico - Planas,Ventana Levadiza de Acrilico Plana,"Ventana Levadiza de Acrilico Plana. Componente pensado para puertas, ventanas y cerramientos de motorhomes.","Ventana Levadiza de Acrilico Plana - C/Doble Aislante, Black Out y Mosquitero 61x45 cm","• Código: VLA.6145
• C/Doble Aislante, Black Out y Mosquitero 61x45 cm",0,0,https://rc-conversiones.vercel.app/images/productos/vla-6145.webp,0,37
VLA.7035,Aberturas,Ventanas de Doble Acrilico - Planas,Ventana Levadiza de Acrilico Plana,"Ventana Levadiza de Acrilico Plana. Componente pensado para puertas, ventanas y cerramientos de motorhomes.","Ventana Levadiza de Acrilico Plana - C/Doble Aislante, Black Out y Mosquitero 70x35 cm","• Código: VLA.7035
• C/Doble Aislante, Black Out y Mosquitero 70x35 cm",0,0,https://rc-conversiones.vercel.app/images/productos/vla-7035.webp,0,37
VLA.7045,Aberturas,Ventanas de Doble Acrilico - Planas,Ventana Levadiza de Acrilico Plana,"Ventana Levadiza de Acrilico Plana. Componente pensado para puertas, ventanas y cerramientos de motorhomes.","Ventana Levadiza de Acrilico Plana - C/Doble Aislante, Black Out y Mosquitero 70x45 cm","• Código: VLA.7045
• C/Doble Aislante, Black Out y Mosquitero 70x45 cm",0,0,https://rc-conversiones.vercel.app/images/productos/vla-7045.webp,0,37
VLA.8040,Aberturas,Ventanas de Doble Acrilico - Planas,Ventana Levadiza de Acrilico Plana,"Ventana Levadiza de Acrilico Plana. Componente pensado para puertas, ventanas y cerramientos de motorhomes.","Ventana Levadiza de Acrilico Plana - C/Doble Aislante, Black Out y Mosquitero 80x40 cm","• Código: VLA.8040
• C/Doble Aislante, Black Out y Mosquitero 80x40 cm",0,0,https://rc-conversiones.vercel.app/images/productos/vla-8040.webp,0,37
VLA.10050,Aberturas,Ventanas de Doble Acrilico - Planas,Ventana Levadiza de Acrilico Plana,"Ventana Levadiza de Acrilico Plana. Componente pensado para puertas, ventanas y cerramientos de motorhomes.","Ventana Levadiza de Acrilico Plana - C/Doble Aislante, Black Out y Mosquitero 100x50 cm","• Código: VLA.10050
• C/Doble Aislante, Black Out y Mosquitero 100x50 cm",0,0,https://rc-conversiones.vercel.app/images/productos/vla-10050.webp,0,37
VLA.7040.B,Aberturas,Ventanas de Doble Acrilico - Planas Tipo Burbuja,Ventana de Acrlico,"Ventana de Acrlico. Componente pensado para puertas, ventanas y cerramientos de motorhomes.","Ventana de Acrlico - C/Doble Aislante, Mosquitero y Black Out - Tipo Burbuja  70 x 40 cm","• Código: VLA.7040.B
• C/Doble Aislante, Mosquitero y Black Out
• Tipo Burbuja  70 x 40 cm",0,0,https://rc-conversiones.vercel.app/images/productos/vla-7040-b.webp,0,37
VLC.2838,Aberturas,Ventanas de Doble Acrilico - Curvas,Ventana Levadiza de Acrilico Curva,"Ventana Levadiza de Acrilico Curva. Componente pensado para puertas, ventanas y cerramientos de motorhomes.","Ventana Levadiza de Acrilico Curva - C/Doble Aislante, Black Out y Mosquitero 28x38 cm","• Código: VLC.2838
• C/Doble Aislante, Black Out y Mosquitero 28x38 cm",0,0,https://rc-conversiones.vercel.app/images/productos/vlc-2838.webp,0,37
VLC.8131,Aberturas,Ventanas de Doble Acrilico - Curvas,Ventana Levadiza de Acrilico Curva,"Ventana Levadiza de Acrilico Curva. Componente pensado para puertas, ventanas y cerramientos de motorhomes.","Ventana Levadiza de Acrilico Curva - C/Doble Aislante, Black Out y Mosquitero 81,8x31,5 cm","• Código: VLC.8131
• C/Doble Aislante, Black Out y Mosquitero 81,8x31,5 cm",0,0,https://rc-conversiones.vercel.app/images/productos/vlc-8131.webp,0,37
VLC.9846,Aberturas,Ventanas de Doble Acrilico - Curvas,Ventana Levadiza de Acrilico Curva,"Ventana Levadiza de Acrilico Curva. Componente pensado para puertas, ventanas y cerramientos de motorhomes.","Ventana Levadiza de Acrilico Curva - C/Doble Aislante, Black Out y Mosquitero 98,5x46,5 cm","• Código: VLC.9846
• C/Doble Aislante, Black Out y Mosquitero 98,5x46,5 cm",0,0,https://rc-conversiones.vercel.app/images/productos/vlc-9846.webp,0,38
VL.4030.P,Aberturas,Ventanas Levadizas Plus,Ventana Levadiza Plus,"Ventana Levadiza Plus. Componente pensado para puertas, ventanas y cerramientos de motorhomes.",Ventana Levadiza Plus - 40x30 cm,"• Código: VL.4030.P
• 40x30 cm",0,0,https://rc-conversiones.vercel.app/images/productos/vl-4030-p.webp,0,38
VL.6030.P,Aberturas,Ventanas Levadizas Plus,Ventana Levadiza Plus,"Ventana Levadiza Plus. Componente pensado para puertas, ventanas y cerramientos de motorhomes.",Ventana Levadiza Plus - 60x30 cm,"• Código: VL.6030.P
• 60x30 cm",0,0,https://rc-conversiones.vercel.app/images/productos/vl-6030-p.webp,0,38
VL.6040.P,Aberturas,Ventanas Levadizas Plus,Ventana Levadiza Plus,"Ventana Levadiza Plus. Componente pensado para puertas, ventanas y cerramientos de motorhomes.",Ventana Levadiza Plus - 60x40 cm,"• Código: VL.6040.P
• 60x40 cm",0,0,https://rc-conversiones.vercel.app/images/productos/vl-6040-p.webp,0,38
VL.5050.P,Aberturas,Ventanas Levadizas Plus,Ventana Levadiza Plus,"Ventana Levadiza Plus. Componente pensado para puertas, ventanas y cerramientos de motorhomes.",Ventana Levadiza Plus - 50x50 cm,"• Código: VL.5050.P
• 50x50 cm",0,0,https://rc-conversiones.vercel.app/images/productos/vl-5050-p.webp,0,38
VL.8050.P,Aberturas,Ventanas Levadizas Plus,Ventana Levadiza Plus,"Ventana Levadiza Plus. Componente pensado para puertas, ventanas y cerramientos de motorhomes.",Ventana Levadiza Plus - 80x50 cm,"• Código: VL.8050.P
• 80x50 cm",0,0,https://rc-conversiones.vercel.app/images/productos/vl-8050-p.webp,0,38
VL.10050.P,Aberturas,Ventanas Levadizas Plus,Ventana Levadiza Plus,"Ventana Levadiza Plus. Componente pensado para puertas, ventanas y cerramientos de motorhomes.",Ventana Levadiza Plus - 100x50 cm,"• Código: VL.10050.P
• 100x50 cm",0,0,https://rc-conversiones.vercel.app/images/productos/vl-10050-p.webp,0,38
VL.4030.NG,Aberturas,Ventanas Levadizas,Ventana Levadiza - MARCO NEGRO,"Ventana Levadiza - MARCO NEGRO. Componente pensado para puertas, ventanas y cerramientos de motorhomes.",Ventana Levadiza - MARCO NEGRO - VIDRIO GRIS - 40x30 cm,"• Código: VL.4030.NG
• MARCO NEGRO
• VIDRIO GRIS
• 40x30 cm",0,0,https://rc-conversiones.vercel.app/images/productos/vl-4030-ng.webp,0,38
VL.6040.NG,Aberturas,Ventanas Levadizas,Ventana Levadiza - MARCO NEGRO,"Ventana Levadiza - MARCO NEGRO. Componente pensado para puertas, ventanas y cerramientos de motorhomes.",Ventana Levadiza - MARCO NEGRO - VIDRIO GRIS - 60x40 cm,"• Código: VL.6040.NG
• MARCO NEGRO
• VIDRIO GRIS
• 60x40 cm",0,0,https://rc-conversiones.vercel.app/images/productos/vl-6040-ng.webp,0,39
VL.8050.NG,Aberturas,Ventanas Levadizas,Ventana Levadiza - MARCO NEGRO,"Ventana Levadiza - MARCO NEGRO. Componente pensado para puertas, ventanas y cerramientos de motorhomes.",Ventana Levadiza - MARCO NEGRO - VIDRIO GRIS - 80x50 cm,"• Código: VL.8050.NG
• MARCO NEGRO
• VIDRIO GRIS
• 80x50 cm",0,0,https://rc-conversiones.vercel.app/images/productos/vl-8050-ng.webp,0,39
VL.10050.NG,Aberturas,Ventanas Levadizas,Ventana Levadiza - MARCO NEGRO,"Ventana Levadiza - MARCO NEGRO. Componente pensado para puertas, ventanas y cerramientos de motorhomes.",Ventana Levadiza - MARCO NEGRO - VIDRIO GRIS - 100x50 cm,"• Código: VL.10050.NG
• MARCO NEGRO
• VIDRIO GRIS
• 100x50 cm",0,0,https://rc-conversiones.vercel.app/images/productos/vl-10050-ng.webp,0,39
VL.12050.NG,Aberturas,Ventanas Levadizas,Ventana Levadiza - MARCO NEGRO,"Ventana Levadiza - MARCO NEGRO. Componente pensado para puertas, ventanas y cerramientos de motorhomes.",Ventana Levadiza - MARCO NEGRO - VIDRIO GRIS - 120x50 cm,"• Código: VL.12050.NG
• MARCO NEGRO
• VIDRIO GRIS
• 120x50 cm",0,0,https://rc-conversiones.vercel.app/images/productos/vl-12050-ng.webp,0,39
VD.6040.NG,Aberturas,Ventanas Dobles Corredizas,Ventana Doble Corrediza - MARCO NEGRO,"Ventana Doble Corrediza - MARCO NEGRO. Componente pensado para puertas, ventanas y cerramientos de motorhomes.",Ventana Doble Corrediza - MARCO NEGRO - VIDRIO GRIS - 60x40 cm,"• Código: VD.6040.NG
• MARCO NEGRO
• VIDRIO GRIS
• 60x40 cm",0,0,https://rc-conversiones.vercel.app/images/productos/vd-6040-ng.webp,0,39
VD.7040.NG,Aberturas,Ventanas Dobles Corredizas,Ventana Doble Corrediza - MARCO NEGRO,"Ventana Doble Corrediza - MARCO NEGRO. Componente pensado para puertas, ventanas y cerramientos de motorhomes.",Ventana Doble Corrediza - MARCO NEGRO - VIDRIO GRIS - 70x40 cm,"• Código: VD.7040.NG
• MARCO NEGRO
• VIDRIO GRIS
• 70x40 cm",0,0,https://rc-conversiones.vercel.app/images/productos/vd-7040-ng.webp,0,39
VD.8040.NG,Aberturas,Ventanas Dobles Corredizas,Ventana Doble Corrediza - MARCO NEGRO,"Ventana Doble Corrediza - MARCO NEGRO. Componente pensado para puertas, ventanas y cerramientos de motorhomes.",Ventana Doble Corrediza - MARCO NEGRO - VIDRIO GRIS - 80x40 cm,"• Código: VD.8040.NG
• MARCO NEGRO
• VIDRIO GRIS
• 80x40 cm",0,0,https://rc-conversiones.vercel.app/images/productos/vd-8040-ng.webp,0,39
VD.8050.NG,Aberturas,Ventanas Dobles Corredizas,Ventana Doble Corrediza - MARCO NEGRO,"Ventana Doble Corrediza - MARCO NEGRO. Componente pensado para puertas, ventanas y cerramientos de motorhomes.",Ventana Doble Corrediza - MARCO NEGRO - VIDRIO GRIS - 80x50 cm,"• Código: VD.8050.NG
• MARCO NEGRO
• VIDRIO GRIS
• 80x50 cm",0,0,https://rc-conversiones.vercel.app/images/productos/vd-8050-ng.webp,0,39
VD.10050.NG,Aberturas,Ventanas Dobles Corredizas,Ventana Doble Corrediza - MARCO NEGRO,"Ventana Doble Corrediza - MARCO NEGRO. Componente pensado para puertas, ventanas y cerramientos de motorhomes.",Ventana Doble Corrediza - MARCO NEGRO - VIDRIO GRIS - 100x50 cm,"• Código: VD.10050.NG
• MARCO NEGRO
• VIDRIO GRIS
• 100x50 cm",0,0,https://rc-conversiones.vercel.app/images/productos/vd-10050-ng.webp,0,40
VD.12050.NG,Aberturas,Ventanas Dobles Corredizas,Ventana Doble Corrediza - MARCO NEGRO,"Ventana Doble Corrediza - MARCO NEGRO. Componente pensado para puertas, ventanas y cerramientos de motorhomes.",Ventana Doble Corrediza - MARCO NEGRO - VIDRIO GRIS - 120x50 cm,"• Código: VD.12050.NG
• MARCO NEGRO
• VIDRIO GRIS
• 120x50 cm",0,0,https://rc-conversiones.vercel.app/images/productos/vd-12050-ng.webp,0,40
VD.10035.NG,Aberturas,Ventanas Dobles Corredizas,Ventana Doble Corrediza - MARCO NEGRO,"Ventana Doble Corrediza - MARCO NEGRO. Componente pensado para puertas, ventanas y cerramientos de motorhomes.",Ventana Doble Corrediza - MARCO NEGRO - VIDRIO GRIS - 100x35 cm,"• Código: VD.10035.NG
• MARCO NEGRO
• VIDRIO GRIS
• 100x35 cm",0,0,https://rc-conversiones.vercel.app/images/productos/vd-10035-ng.webp,0,40
VD.12035.NG,Aberturas,Ventanas Dobles Corredizas,Ventana Doble Corrediza - MARCO NEGRO,"Ventana Doble Corrediza - MARCO NEGRO. Componente pensado para puertas, ventanas y cerramientos de motorhomes.",Ventana Doble Corrediza - MARCO NEGRO - VIDRIO GRIS - 120x35 cm,"• Código: VD.12035.NG
• MARCO NEGRO
• VIDRIO GRIS
• 120x35 cm",0,0,https://rc-conversiones.vercel.app/images/productos/vd-12035-ng.webp,0,40
VD.10060.NG,Aberturas,Ventanas Dobles Corredizas,Ventana Doble Corrediza - MARCO NEGRO,"Ventana Doble Corrediza - MARCO NEGRO. Componente pensado para puertas, ventanas y cerramientos de motorhomes.",Ventana Doble Corrediza - MARCO NEGRO - VIDRIO GRIS - 100x60 cm,"• Código: VD.10060.NG
• MARCO NEGRO
• VIDRIO GRIS
• 100x60 cm",0,0,https://rc-conversiones.vercel.app/images/productos/vd-10060-ng.webp,0,40
VD.12060.NG,Aberturas,Ventanas Dobles Corredizas,Ventana Doble Corrediza - MARCO NEGRO,"Ventana Doble Corrediza - MARCO NEGRO. Componente pensado para puertas, ventanas y cerramientos de motorhomes.",Ventana Doble Corrediza - MARCO NEGRO - VIDRIO GRIS - 120x60 cm,"• Código: VD.12060.NG
• MARCO NEGRO
• VIDRIO GRIS
• 120x60 cm",0,0,https://rc-conversiones.vercel.app/images/productos/vd-12060-ng.webp,0,40
VD.10070.NG,Aberturas,Ventanas Dobles Corredizas,Ventana Doble Corrediza - MARCO NEGRO,"Ventana Doble Corrediza - MARCO NEGRO. Componente pensado para puertas, ventanas y cerramientos de motorhomes.",Ventana Doble Corrediza - MARCO NEGRO - VIDRIO GRIS - 100x70 cm,"• Código: VD.10070.NG
• MARCO NEGRO
• VIDRIO GRIS
• 100x70 cm",0,0,https://rc-conversiones.vercel.app/images/productos/vd-10070-ng.webp,0,40
VD.12070.NG,Aberturas,Ventanas Dobles Corredizas,Ventana Doble Corrediza - MARCO NEGRO,"Ventana Doble Corrediza - MARCO NEGRO. Componente pensado para puertas, ventanas y cerramientos de motorhomes.",Ventana Doble Corrediza - MARCO NEGRO - VIDRIO GRIS - 120x70 cm,"• Código: VD.12070.NG
• MARCO NEGRO
• VIDRIO GRIS
• 120x70 cm",0,0,https://rc-conversiones.vercel.app/images/productos/vd-12070-ng.webp,0,40
VD.9090.NG,Aberturas,Ventanas Dobles Corredizas,Ventana Doble Corrediza - MARCO NEGRO,"Ventana Doble Corrediza - MARCO NEGRO. Componente pensado para puertas, ventanas y cerramientos de motorhomes.",Ventana Doble Corrediza - MARCO NEGRO - VIDRIO GRIS - 90x90 cm,"• Código: VD.9090.NG
• MARCO NEGRO
• VIDRIO GRIS
• 90x90 cm",0,0,https://rc-conversiones.vercel.app/images/productos/vd-9090-ng.webp,0,41
VD.7070.NG,Aberturas,Ventanas Dobles Corredizas,Ventana Doble Corrediza - MARCO NEGRO,"Ventana Doble Corrediza - MARCO NEGRO. Componente pensado para puertas, ventanas y cerramientos de motorhomes.",Ventana Doble Corrediza - MARCO NEGRO - VIDRIO GRIS - 70x70 cm,"• Código: VD.7070.NG
• MARCO NEGRO
• VIDRIO GRIS
• 70x70 cm",0,0,https://rc-conversiones.vercel.app/images/productos/vd-7070-ng.webp,0,41
VD.6040.NI,Aberturas,Ventanas Dobles Corredizas,Ventana Doble Corrediza - MARCO NATURAL,"Ventana Doble Corrediza - MARCO NATURAL. Componente pensado para puertas, ventanas y cerramientos de motorhomes.",Ventana Doble Corrediza - MARCO NATURAL - VIDRIO INCOLORO - 60x40 cm,"• Código: VD.6040.NI
• MARCO NATURAL
• VIDRIO INCOLORO
• 60x40 cm",0,0,https://rc-conversiones.vercel.app/images/productos/vd-6040-ni.webp,0,41
VD.7040.NI,Aberturas,Ventanas Dobles Corredizas,Ventana Doble Corrediza - MARCO NATURAL,"Ventana Doble Corrediza - MARCO NATURAL. Componente pensado para puertas, ventanas y cerramientos de motorhomes.",Ventana Doble Corrediza - MARCO NATURAL - VIDRIO INCOLORO - 70x40 cm,"• Código: VD.7040.NI
• MARCO NATURAL
• VIDRIO INCOLORO
• 70x40 cm",0,0,https://rc-conversiones.vercel.app/images/productos/vd-7040-ni.webp,0,41
VD.8040.NI,Aberturas,Ventanas Dobles Corredizas,Ventana Doble Corrediza - MARCO NATURAL,"Ventana Doble Corrediza - MARCO NATURAL. Componente pensado para puertas, ventanas y cerramientos de motorhomes.",Ventana Doble Corrediza - MARCO NATURAL - VIDRIO INCOLORO - 80x40 cm,"• Código: VD.8040.NI
• MARCO NATURAL
• VIDRIO INCOLORO
• 80x40 cm",0,0,https://rc-conversiones.vercel.app/images/productos/vd-8040-ni.webp,0,41
VD.8050.NI,Aberturas,Ventanas Dobles Corredizas,Ventana Doble Corrediza - MARCO NATURAL,"Ventana Doble Corrediza - MARCO NATURAL. Componente pensado para puertas, ventanas y cerramientos de motorhomes.",Ventana Doble Corrediza - MARCO NATURAL - VIDRIO INCOLORO - 80x50 cm,"• Código: VD.8050.NI
• MARCO NATURAL
• VIDRIO INCOLORO
• 80x50 cm",0,0,https://rc-conversiones.vercel.app/images/productos/vd-8050-ni.webp,0,41
VD.10050.NI,Aberturas,Ventanas Dobles Corredizas,Ventana Doble Corrediza - MARCO NATURAL,"Ventana Doble Corrediza - MARCO NATURAL. Componente pensado para puertas, ventanas y cerramientos de motorhomes.",Ventana Doble Corrediza - MARCO NATURAL - VIDRIO INCOLORO - 100x50 cm,"• Código: VD.10050.NI
• MARCO NATURAL
• VIDRIO INCOLORO
• 100x50 cm",0,0,https://rc-conversiones.vercel.app/images/productos/vd-10050-ni.webp,0,41
VD.12050.NI,Aberturas,Ventanas Dobles Corredizas,Ventana Doble Corrediza - MARCO NATURAL,"Ventana Doble Corrediza - MARCO NATURAL. Componente pensado para puertas, ventanas y cerramientos de motorhomes.",Ventana Doble Corrediza - MARCO NATURAL - VIDRIO INCOLORO - 120x50 cm,"• Código: VD.12050.NI
• MARCO NATURAL
• VIDRIO INCOLORO
• 120x50 cm",0,0,https://rc-conversiones.vercel.app/images/productos/vd-12050-ni.webp,0,41
VD.10035.NI,Aberturas,Ventanas Dobles Corredizas,Ventana Doble Corrediza - MARCO NATURAL,"Ventana Doble Corrediza - MARCO NATURAL. Componente pensado para puertas, ventanas y cerramientos de motorhomes.",Ventana Doble Corrediza - MARCO NATURAL - VIDRIO INCOLORO - 100x35 cm,"• Código: VD.10035.NI
• MARCO NATURAL
• VIDRIO INCOLORO
• 100x35 cm",0,0,https://rc-conversiones.vercel.app/images/productos/vd-10035-ni.webp,0,42
VD.12035.NI,Aberturas,Ventanas Dobles Corredizas,Ventana Doble Corrediza - MARCO NATURAL,"Ventana Doble Corrediza - MARCO NATURAL. Componente pensado para puertas, ventanas y cerramientos de motorhomes.",Ventana Doble Corrediza - MARCO NATURAL - VIDRIO INCOLORO - 120x35 cm,"• Código: VD.12035.NI
• MARCO NATURAL
• VIDRIO INCOLORO
• 120x35 cm",0,0,https://rc-conversiones.vercel.app/images/productos/vd-12035-ni.webp,0,42
VD.10060.NI,Aberturas,Ventanas Dobles Corredizas,Ventana Doble Corrediza - MARCO NATURAL,"Ventana Doble Corrediza - MARCO NATURAL. Componente pensado para puertas, ventanas y cerramientos de motorhomes.",Ventana Doble Corrediza - MARCO NATURAL - VIDRIO INCOLORO - 100x60 cm,"• Código: VD.10060.NI
• MARCO NATURAL
• VIDRIO INCOLORO
• 100x60 cm",0,0,https://rc-conversiones.vercel.app/images/productos/vd-10060-ni.webp,0,42
VD.12060.NI,Aberturas,Ventanas Dobles Corredizas,Ventana Doble Corrediza - MARCO NATURAL,"Ventana Doble Corrediza - MARCO NATURAL. Componente pensado para puertas, ventanas y cerramientos de motorhomes.",Ventana Doble Corrediza - MARCO NATURAL - VIDRIO INCOLORO - 120x60 cm,"• Código: VD.12060.NI
• MARCO NATURAL
• VIDRIO INCOLORO
• 120x60 cm",0,0,https://rc-conversiones.vercel.app/images/productos/vd-12060-ni.webp,0,42
VD.10070.NI,Aberturas,Ventanas Dobles Corredizas,Ventana Doble Corrediza - MARCO NATURAL,"Ventana Doble Corrediza - MARCO NATURAL. Componente pensado para puertas, ventanas y cerramientos de motorhomes.",Ventana Doble Corrediza - MARCO NATURAL - VIDRIO INCOLORO - 100x70 cm,"• Código: VD.10070.NI
• MARCO NATURAL
• VIDRIO INCOLORO
• 100x70 cm",0,0,https://rc-conversiones.vercel.app/images/productos/vd-10070-ni.webp,0,42
VD.12070.NI,Aberturas,Ventanas Dobles Corredizas,Ventana Doble Corrediza - MARCO NATURAL,"Ventana Doble Corrediza - MARCO NATURAL. Componente pensado para puertas, ventanas y cerramientos de motorhomes.",Ventana Doble Corrediza - MARCO NATURAL - VIDRIO INCOLORO - 120x70 cm,"• Código: VD.12070.NI
• MARCO NATURAL
• VIDRIO INCOLORO
• 120x70 cm",0,0,https://rc-conversiones.vercel.app/images/productos/vd-12070-ni.webp,0,42
VD.9090.NI,Aberturas,Ventanas Dobles Corredizas,Ventana Doble Corrediza - MARCO NATURAL,"Ventana Doble Corrediza - MARCO NATURAL. Componente pensado para puertas, ventanas y cerramientos de motorhomes.",Ventana Doble Corrediza - MARCO NATURAL - VIDRIO INCOLORO - 90x90 cm,"• Código: VD.9090.NI
• MARCO NATURAL
• VIDRIO INCOLORO
• 90x90 cm",0,0,https://rc-conversiones.vercel.app/images/productos/vd-9090-ni.webp,0,42
VD.7070.NI,Aberturas,Ventanas Dobles Corredizas,Ventana Doble Corrediza - MARCO NATURAL,"Ventana Doble Corrediza - MARCO NATURAL. Componente pensado para puertas, ventanas y cerramientos de motorhomes.",Ventana Doble Corrediza - MARCO NATURAL - VIDRIO INCOLORO - 70x70 cm,"• Código: VD.7070.NI
• MARCO NATURAL
• VIDRIO INCOLORO
• 70x70 cm",0,0,https://rc-conversiones.vercel.app/images/productos/vd-7070-ni.webp,0,42
VS.4030.NG,Aberturas,Ventanas Simples Corredizas,Ventana Simple Corrediza - MARCO NEGRO,"Ventana Simple Corrediza - MARCO NEGRO. Componente pensado para puertas, ventanas y cerramientos de motorhomes.",Ventana Simple Corrediza - MARCO NEGRO - VIDRIO GRIS - 40x30 cm,"• Código: VS.4030.NG
• MARCO NEGRO
• VIDRIO GRIS
• 40x30 cm",0,0,https://rc-conversiones.vercel.app/images/productos/vs-4030-ng.webp,0,43
VS.4530.NG,Aberturas,Ventanas Simples Corredizas,Ventana Simple Corrediza - MARCO NEGRO,"Ventana Simple Corrediza - MARCO NEGRO. Componente pensado para puertas, ventanas y cerramientos de motorhomes.",Ventana Simple Corrediza - MARCO NEGRO - VIDRIO GRIS - 45x30 cm,"• Código: VS.4530.NG
• MARCO NEGRO
• VIDRIO GRIS
• 45x30 cm",0,0,https://rc-conversiones.vercel.app/images/productos/vs-4530-ng.webp,0,43
VS.6030.NG,Aberturas,Ventanas Simples Corredizas,Ventana Simple Corrediza - MARCO NEGRO,"Ventana Simple Corrediza - MARCO NEGRO. Componente pensado para puertas, ventanas y cerramientos de motorhomes.",Ventana Simple Corrediza - MARCO NEGRO - VIDRIO GRIS - 60x30 cm,"• Código: VS.6030.NG
• MARCO NEGRO
• VIDRIO GRIS
• 60x30 cm",0,0,https://rc-conversiones.vercel.app/images/productos/vs-6030-ng.webp,0,43
VS.4030.NI,Aberturas,Ventanas Simples Corredizas,Ventana Simple Corrediza - MARCO NATURAL,"Ventana Simple Corrediza - MARCO NATURAL. Componente pensado para puertas, ventanas y cerramientos de motorhomes.",Ventana Simple Corrediza - MARCO NATURAL - VIDRIO INCOLORO - 40x30 cm,"• Código: VS.4030.NI
• MARCO NATURAL
• VIDRIO INCOLORO
• 40x30 cm",0,0,https://rc-conversiones.vercel.app/images/productos/vs-4030-ni.webp,0,43
VS.4530.NI,Aberturas,Ventanas Simples Corredizas,Ventana Simple Corrediza - MARCO NATURAL,"Ventana Simple Corrediza - MARCO NATURAL. Componente pensado para puertas, ventanas y cerramientos de motorhomes.",Ventana Simple Corrediza - MARCO NATURAL - VIDRIO INCOLORO - 45x30 cm,"• Código: VS.4530.NI
• MARCO NATURAL
• VIDRIO INCOLORO
• 45x30 cm",0,0,https://rc-conversiones.vercel.app/images/productos/vs-4530-ni.webp,0,43
VS.6030.NI,Aberturas,Ventanas Simples Corredizas,Ventana Simple Corrediza - MARCO NATURAL,"Ventana Simple Corrediza - MARCO NATURAL. Componente pensado para puertas, ventanas y cerramientos de motorhomes.",Ventana Simple Corrediza - MARCO NATURAL - VIDRIO INCOLORO - 60x30 cm,"• Código: VS.6030.NI
• MARCO NATURAL
• VIDRIO INCOLORO
• 60x30 cm",0,0,https://rc-conversiones.vercel.app/images/productos/vs-6030-ni.webp,0,43
VS.6040.NI,Aberturas,Ventanas Simples Corredizas,Ventana Simple Corrediza - MARCO NATURAL,"Ventana Simple Corrediza - MARCO NATURAL. Componente pensado para puertas, ventanas y cerramientos de motorhomes.",Ventana Simple Corrediza - MARCO NATURAL - VIDRIO INCOLORO - 60x40 cm,"• Código: VS.6040.NI
• MARCO NATURAL
• VIDRIO INCOLORO
• 60x40 cm",0,0,https://rc-conversiones.vercel.app/images/productos/vs-6040-ni.webp,0,43
VS.8050.NI,Aberturas,Ventanas Simples Corredizas,Ventana Simple Corrediza - MARCO NATURAL,"Ventana Simple Corrediza - MARCO NATURAL. Componente pensado para puertas, ventanas y cerramientos de motorhomes.",Ventana Simple Corrediza - MARCO NATURAL - VIDRIO INCOLORO - 80x50 cm,"• Código: VS.8050.NI
• MARCO NATURAL
• VIDRIO INCOLORO
• 80x50 cm",0,0,https://rc-conversiones.vercel.app/images/productos/vs-8050-ni.webp,0,43
VS.10050.NI,Aberturas,Ventanas Simples Corredizas,Ventana Simple Corrediza - MARCO NATURAL,"Ventana Simple Corrediza - MARCO NATURAL. Componente pensado para puertas, ventanas y cerramientos de motorhomes.",Ventana Simple Corrediza - MARCO NATURAL - VIDRIO INCOLORO - 100x50 cm,"• Código: VS.10050.NI
• MARCO NATURAL
• VIDRIO INCOLORO
• 100x50 cm",0,0,https://rc-conversiones.vercel.app/images/productos/vs-10050-ni.webp,0,44
VS.9090.NI,Aberturas,Ventanas Simples Corredizas,Ventana Simple Corrediza - MARCO NATURAL,"Ventana Simple Corrediza - MARCO NATURAL. Componente pensado para puertas, ventanas y cerramientos de motorhomes.",Ventana Simple Corrediza - MARCO NATURAL - VIDRIO INCOLORO - 90x90 cm,"• Código: VS.9090.NI
• MARCO NATURAL
• VIDRIO INCOLORO
• 90x90 cm",0,0,https://rc-conversiones.vercel.app/images/productos/vs-9090-ni.webp,0,44
VF.7023.NG,Aberturas,Ventanas Fijas,Ventana Fija - MARCO NEGRO,"Ventana Fija - MARCO NEGRO. Componente pensado para puertas, ventanas y cerramientos de motorhomes.",Ventana Fija - MARCO NEGRO - VIDRIO GRIS - 70x23,"• Código: VF.7023.NG
• MARCO NEGRO
• VIDRIO GRIS
• 70x23",0,0,https://rc-conversiones.vercel.app/images/productos/vf-7023-ng.webp,0,44
VF.8050.NG,Aberturas,Ventanas Fijas,Ventana Fija - MARCO NEGRO,"Ventana Fija - MARCO NEGRO. Componente pensado para puertas, ventanas y cerramientos de motorhomes.",Ventana Fija - MARCO NEGRO - VIDRIO GRIS - 80x50,"• Código: VF.8050.NG
• MARCO NEGRO
• VIDRIO GRIS
• 80x50",0,0,https://rc-conversiones.vercel.app/images/productos/vf-8050-ng.webp,0,44
VF.10050.NG,Aberturas,Ventanas Fijas,Ventana Fija - MARCO NEGRO,"Ventana Fija - MARCO NEGRO. Componente pensado para puertas, ventanas y cerramientos de motorhomes.",Ventana Fija - MARCO NEGRO - VIDRIO GRIS - 100x50,"• Código: VF.10050.NG
• MARCO NEGRO
• VIDRIO GRIS
• 100x50",0,0,https://rc-conversiones.vercel.app/images/productos/vf-10050-ng.webp,0,44
VF.7023.NI,Aberturas,Ventanas Fijas,Ventana Fija - MARCO NATURAL,"Ventana Fija - MARCO NATURAL. Componente pensado para puertas, ventanas y cerramientos de motorhomes.",Ventana Fija - MARCO NATURAL - VIDRIO INCOLORO - 70x23,"• Código: VF.7023.NI
• MARCO NATURAL
• VIDRIO INCOLORO
• 70x23",0,0,https://rc-conversiones.vercel.app/images/productos/vf-7023-ni.webp,0,44
VF.8050.NI,Aberturas,Ventanas Fijas,Ventana Fija - MARCO NATURAL,"Ventana Fija - MARCO NATURAL. Componente pensado para puertas, ventanas y cerramientos de motorhomes.",Ventana Fija - MARCO NATURAL - VIDRIO INCOLORO - 80x50,"• Código: VF.8050.NI
• MARCO NATURAL
• VIDRIO INCOLORO
• 80x50",0,0,https://rc-conversiones.vercel.app/images/productos/vf-8050-ni.webp,0,44
VF.10050.NI,Aberturas,Ventanas Fijas,Ventana Fija - MARCO NATURAL,"Ventana Fija - MARCO NATURAL. Componente pensado para puertas, ventanas y cerramientos de motorhomes.",Ventana Fija - MARCO NATURAL - VIDRIO INCOLORO - 100x50,"• Código: VF.10050.NI
• MARCO NATURAL
• VIDRIO INCOLORO
• 100x50",0,0,https://rc-conversiones.vercel.app/images/productos/vf-10050-ni.webp,0,44
VOB.42,Aberturas,Ventanas Ojo de Buey,Ventana Ojo de Buey 42 cm - Corredizo,"Ventana Ojo de Buey 42 cm - Corredizo. Componente pensado para puertas, ventanas y cerramientos de motorhomes.",Ventana Ojo de Buey 42 cm - Corredizo,"• Código: VOB.42
• Corredizo",0,0,https://rc-conversiones.vercel.app/images/productos/vob-42.webp,0,45
VOB.40,Aberturas,Ventanas Ojo de Buey,Ventana Ojo de Buey 40 cm - Levadizo,"Ventana Ojo de Buey 40 cm - Levadizo. Componente pensado para puertas, ventanas y cerramientos de motorhomes.",Ventana Ojo de Buey 40 cm - Levadizo,"• Código: VOB.40
• Levadizo",0,0,https://rc-conversiones.vercel.app/images/productos/vob-40.webp,0,45
VOB.26,Aberturas,Ventanas Ojo de Buey,Ventana Ojo de Buey 26 cm - Levadizo,"Ventana Ojo de Buey 26 cm - Levadizo. Componente pensado para puertas, ventanas y cerramientos de motorhomes.",Ventana Ojo de Buey 26 cm - Levadizo,"• Código: VOB.26
• Levadizo",0,0,https://rc-conversiones.vercel.app/images/productos/vob-26.webp,0,45
A.3535.EVMC,Ventilación,Aireadores con Extractor y Ventilador,Aireador 35x35 cm,Aireador 35x35 cm. Solución para favorecer ventilación y circulación de aire en el habitáculo.,"Aireador 35x35 cm - C/Extractor, Ventilador, Mosquitero, Sensor y Control - Tapa Plastica Tonalizada","• Código: A.3535.EVMC
• C/Extractor, Ventilador, Mosquitero, Sensor y Control
• Tapa Plastica Tonalizada",0,0,https://rc-conversiones.vercel.app/images/productos/a-3535-evmc.webp,0,45
A.3535.EVM,Ventilación,Aireadores con Extractor y Ventilador,Aireador 35x35 cm,Aireador 35x35 cm. Solución para favorecer ventilación y circulación de aire en el habitáculo.,"Aireador 35x35 cm - C/Extractor, Ventilador y Mosquitero - Tapa Plastica Tonalizada","• Código: A.3535.EVM
• C/Extractor, Ventilador y Mosquitero
• Tapa Plastica Tonalizada",0,0,https://rc-conversiones.vercel.app/images/productos/a-3535-evm.webp,0,45
A.3535.EVMCB,Ventilación,Aireadores con Extractor y Ventilador,Aireador 35x35 cm,Aireador 35x35 cm. Solución para favorecer ventilación y circulación de aire en el habitáculo.,"Aireador 35x35 cm - C/Extractor, Ventilador, Mosquitero, Sensor y Control - Tapa Plastica Blanca","• Código: A.3535.EVMCB
• C/Extractor, Ventilador, Mosquitero, Sensor y Control
• Tapa Plastica Blanca",0,0,https://rc-conversiones.vercel.app/images/productos/a-3535-evmcb.webp,0,45
A.2828.EVM,Ventilación,Aireadores con Extractor y Ventilador,Aireador 28x28 cm,Aireador 28x28 cm. Solución para favorecer ventilación y circulación de aire en el habitáculo.,"Aireador 28x28 cm - C/Extractor, Ventilador y Mosquitero - Tapa Plastica Transparente","• Código: A.2828.EVM
• C/Extractor, Ventilador y Mosquitero
• Tapa Plastica Transparente",0,0,https://rc-conversiones.vercel.app/images/productos/a-2828-evm.webp,0,45
A.3535.EMB,Ventilación,Aireadores con Extractor,Aireador 35x35 cm - C/Extractor y Mosquitero,Aireador 35x35 cm - C/Extractor y Mosquitero. Solución para favorecer ventilación y circulación de aire en el habitáculo.,Aireador 35x35 cm - C/Extractor y Mosquitero - Tapa Plastica Blanca,"• Código: A.3535.EMB
• C/Extractor y Mosquitero
• Tapa Plastica Blanca",0,0,https://rc-conversiones.vercel.app/images/productos/a-3535-emb.webp,0,46
A.3535.EMT,Ventilación,Aireadores con Extractor,Aireador 35x35 cm - C/Extractor y Mosquitero,Aireador 35x35 cm - C/Extractor y Mosquitero. Solución para favorecer ventilación y circulación de aire en el habitáculo.,Aireador 35x35 cm - C/Extractor y Mosquitero - Tapa Plastica Tonalizada,"• Código: A.3535.EMT
• C/Extractor y Mosquitero
• Tapa Plastica Tonalizada",0,0,https://rc-conversiones.vercel.app/images/productos/a-3535-emt.webp,0,46
A.5070.BLM,Ventilación,Aireadores con Cortina Black Out,"Aireador 50x70 cm - C/Black Out, Luz y Mosquitero","Aireador 50x70 cm - C/Black Out, Luz y Mosquitero. Solución para favorecer ventilación y circulación de aire en el habitáculo.","Aireador 50x70 cm - C/Black Out, Luz y Mosquitero - Tapa Acrilica Doble","• Código: A.5070.BLM
• C/Black Out, Luz y Mosquitero
• Tapa Acrilica Doble",0,0,https://rc-conversiones.vercel.app/images/productos/a-5070-blm.webp,0,46
A.4040.BLM,Ventilación,Aireadores con Cortina Black Out,"Aireador 40x40 cm - C/Black Out, Luz y Mosquitero","Aireador 40x40 cm - C/Black Out, Luz y Mosquitero. Solución para favorecer ventilación y circulación de aire en el habitáculo.","Aireador 40x40 cm - C/Black Out, Luz y Mosquitero - Tapa Acrilica Doble","• Código: A.4040.BLM
• C/Black Out, Luz y Mosquitero
• Tapa Acrilica Doble",0,0,https://rc-conversiones.vercel.app/images/productos/a-4040-blm.webp,0,46
A.5050.EC,Ventilación,Aireadores Expulsables,Aireador 50X50 cm - Tapa de Expulsable Cataforesis,Aireador 50X50 cm - Tapa de Expulsable Cataforesis. Solución para favorecer ventilación y circulación de aire en el habitáculo.,Aireador 50X50 cm - Tapa de Expulsable Cataforesis - Expuslable,"• Código: A.5050.EC
• Tapa de Expulsable Cataforesis
• Expuslable",0,0,https://rc-conversiones.vercel.app/images/productos/a-5050-ec.webp,0,46
A.2030.V,Ventilación,Aireadores Simples de Vidrio,Aireador 20x30 cm - Tapa de Vidrio,Aireador 20x30 cm - Tapa de Vidrio. Solución para favorecer ventilación y circulación de aire en el habitáculo.,Aireador 20x30 cm - Tapa de Vidrio,"• Código: A.2030.V
• Tapa de Vidrio",0,0,https://rc-conversiones.vercel.app/images/productos/a-2030-v.webp,0,46
A.3535.V,Ventilación,Aireadores Simples de Vidrio,Aireador 35x35 cm - Tapa de Vidrio,Aireador 35x35 cm - Tapa de Vidrio. Solución para favorecer ventilación y circulación de aire en el habitáculo.,Aireador 35x35 cm - Tapa de Vidrio,"• Código: A.3535.V
• Tapa de Vidrio",0,0,https://rc-conversiones.vercel.app/images/productos/a-3535-v.webp,0,46
A.3550.V,Ventilación,Aireadores Simples de Vidrio,Aireador 35x50 cm - Tapa de Vidrio,Aireador 35x50 cm - Tapa de Vidrio. Solución para favorecer ventilación y circulación de aire en el habitáculo.,Aireador 35x50 cm - Tapa de Vidrio,"• Código: A.3550.V
• Tapa de Vidrio",0,0,https://rc-conversiones.vercel.app/images/productos/a-3550-v.webp,0,47
A.5050.V,Ventilación,Aireadores Simples de Vidrio,Aireador 50x50 cm - Tapa de Vidrio,Aireador 50x50 cm - Tapa de Vidrio. Solución para favorecer ventilación y circulación de aire en el habitáculo.,Aireador 50x50 cm - Tapa de Vidrio,"• Código: A.5050.V
• Tapa de Vidrio",0,0,https://rc-conversiones.vercel.app/images/productos/a-5050-v.webp,0,47
A.2030.A,Ventilación,Aireadores Simples de Acrilico,Aireador 20x30 cm - Tapa de Acrilico,Aireador 20x30 cm - Tapa de Acrilico. Solución para favorecer ventilación y circulación de aire en el habitáculo.,Aireador 20x30 cm - Tapa de Acrilico,"• Código: A.2030.A
• Tapa de Acrilico",0,0,https://rc-conversiones.vercel.app/images/productos/a-2030-a.webp,0,47
A.3550.A,Ventilación,Aireadores Simples de Acrilico,Aireador 35x50 cm - Tapa de Acrilico,Aireador 35x50 cm - Tapa de Acrilico. Solución para favorecer ventilación y circulación de aire en el habitáculo.,Aireador 35x50 cm - Tapa de Acrilico,"• Código: A.3550.A
• Tapa de Acrilico",0,0,https://rc-conversiones.vercel.app/images/productos/a-3550-a.webp,0,47
A.3550.C,Ventilación,Aireadores Simples de Chapa,Aireador 35x50 cm - Tapa de Chapa Cataforesis,Aireador 35x50 cm - Tapa de Chapa Cataforesis. Solución para favorecer ventilación y circulación de aire en el habitáculo.,Aireador 35x50 cm - Tapa de Chapa Cataforesis,"• Código: A.3550.C
• Tapa de Chapa Cataforesis",0,0,https://rc-conversiones.vercel.app/images/productos/a-3550-c.webp,0,47
A.2030.ABS,Ventilación,Aireadores Simples de Plastico,Aireador 20x30 cm - Tapa Plastica ABS Blanca,Aireador 20x30 cm - Tapa Plastica ABS Blanca. Solución para favorecer ventilación y circulación de aire en el habitáculo.,Aireador 20x30 cm - Tapa Plastica ABS Blanca,"• Código: A.2030.ABS
• Tapa Plastica ABS Blanca",0,0,https://rc-conversiones.vercel.app/images/productos/a-2030-abs.webp,0,47
A.3535.MT,Ventilación,Aireadores Simples de Plastico,Aireador 35x35 cm - C/Mosquitero,Aireador 35x35 cm - C/Mosquitero. Solución para favorecer ventilación y circulación de aire en el habitáculo.,Aireador 35x35 cm - C/Mosquitero - Tapa Plastica Tonalizada,"• Código: A.3535.MT
• C/Mosquitero
• Tapa Plastica Tonalizada",0,0,https://rc-conversiones.vercel.app/images/productos/a-3535-mt.webp,0,47
A.3535.MB,Ventilación,Aireadores Simples de Plastico,Aireador 35x35 cm - C/Mosquitero,Aireador 35x35 cm - C/Mosquitero. Solución para favorecer ventilación y circulación de aire en el habitáculo.,Aireador 35x35 cm - C/Mosquitero - Tapa Plastica Blanca,"• Código: A.3535.MB
• C/Mosquitero
• Tapa Plastica Blanca",0,0,https://rc-conversiones.vercel.app/images/productos/a-3535-mb.webp,0,48
ETH.12,Ventilación,Extractores,"Extractor 12v Tipo Hongo 10""","Extractor 12v Tipo Hongo 10"". Solución para favorecer ventilación y circulación de aire en el habitáculo.","Extractor 12v Tipo Hongo 10""","• Código: ETH.12
• 12v",0,0,https://rc-conversiones.vercel.app/images/productos/eth-12.webp,0,48
ES.21.7,Baterías,Extractores,"Extractor C/Panel Solar, Bateria e Interruptor","Extractor C/Panel Solar, Bateria e Interruptor. Orientado al almacenamiento y gestión de energía en motorhomes y otras instalaciones de 12/24/48 V según modelo.","Extractor C/Panel Solar, Bateria e Interruptor - Diametro 21,7 cm","• Código: ES.21.7
• Diametro 21,7 cm",0,0,https://rc-conversiones.vercel.app/images/productos/es-21-7.webp,0,48
EL.12,Ventilación,Extractores,Extractor 12v Lateral TMC,Extractor 12v Lateral TMC. Solución para favorecer ventilación y circulación de aire en el habitáculo.,Extractor 12v Lateral TMC,"• Código: EL.12
• 12v",0,0,https://rc-conversiones.vercel.app/images/productos/el-12.webp,0,48
RDN,Ventilación,Rejillas,"Rejilla Fija ABS Doble 26x12,5 cm","Rejilla Fija ABS Doble 26x12,5 cm. Solución para favorecer ventilación y circulación de aire en el habitáculo.","Rejilla Fija ABS Doble 26x12,5 cm - NEGRA","• Código: RDN
• NEGRA",0,0,https://rc-conversiones.vercel.app/images/productos/rdn.webp,0,48
RDB,Ventilación,Rejillas,"Rejilla Fija ABS Doble 26x12,5 cm","Rejilla Fija ABS Doble 26x12,5 cm. Solución para favorecer ventilación y circulación de aire en el habitáculo.","Rejilla Fija ABS Doble 26x12,5 cm - BLANCA","• Código: RDB
• BLANCA",0,0,https://rc-conversiones.vercel.app/images/productos/rdb.webp,0,48
RSN,Ventilación,Rejillas,"Rejilla Fija ABS Simple 14,3x12,5 cm","Rejilla Fija ABS Simple 14,3x12,5 cm. Solución para favorecer ventilación y circulación de aire en el habitáculo.","Rejilla Fija ABS Simple 14,3x12,5 cm - NEGRA","• Código: RSN
• NEGRA",0,0,https://rc-conversiones.vercel.app/images/productos/rsn.webp,0,48
RSB,Ventilación,Rejillas,"Rejilla Fija ABS Simple 14,3x12,5 cm","Rejilla Fija ABS Simple 14,3x12,5 cm. Solución para favorecer ventilación y circulación de aire en el habitáculo.","Rejilla Fija ABS Simple 14,3x12,5 cm - BLANCA","• Código: RSB
• BLANCA",0,0,https://rc-conversiones.vercel.app/images/productos/rsb.webp,0,48
C.PA.E,Aberturas,Cerraduras para Puertas de Acceso,Cerradura P/Puerta de Acceso Electronica C/Control,"Cerradura P/Puerta de Acceso Electronica C/Control. Componente pensado para puertas, ventanas y cerramientos de motorhomes.",Cerradura P/Puerta de Acceso Electronica C/Control,• Código: C.PA.E,0,0,https://rc-conversiones.vercel.app/images/productos/c-pa-e.webp,0,49
C.PA.R,Aberturas,Cerraduras para Puertas de Acceso,Cerradura P/Puerta de acceso C/Llave y Traba Interior Tipo Picaporte,"Cerradura P/Puerta de acceso C/Llave y Traba Interior Tipo Picaporte. Componente pensado para puertas, ventanas y cerramientos de motorhomes.",Cerradura P/Puerta de acceso C/Llave y Traba Interior Tipo Picaporte - REIMO - NEGRA,"• Código: C.PA.R
• REIMO
• NEGRA",0,0,https://rc-conversiones.vercel.app/images/productos/c-pa-r.webp,0,49
C.PA.LC,Aberturas,Cerraduras para Puertas de Acceso,Cerradura P/Puerta de acceso C/Llave y Traba Interior,"Cerradura P/Puerta de acceso C/Llave y Traba Interior. Componente pensado para puertas, ventanas y cerramientos de motorhomes.",Cerradura P/Puerta de acceso C/Llave y Traba Interior - Cromada,"• Código: C.PA.LC
• Cromada",0,0,https://rc-conversiones.vercel.app/images/productos/c-pa-lc.webp,0,49
C.PA.LN,Aberturas,Cerraduras para Puertas de Acceso,Cerradura P/Puerta de acceso C/Llave y Traba Interior,"Cerradura P/Puerta de acceso C/Llave y Traba Interior. Componente pensado para puertas, ventanas y cerramientos de motorhomes.",Cerradura P/Puerta de acceso C/Llave y Traba Interior - Negra,"• Código: C.PA.LN
• Negra",0,0,https://rc-conversiones.vercel.app/images/productos/c-pa-ln.webp,0,49
C.B.AI,Herrajes,Cerraduras para Bauleras,Cerradura P/Baulera C/llave 12 x 9 cm - Acero Inox,"Cerradura P/Baulera C/llave 12 x 9 cm - Acero Inox. Herraje pensado para puertas, muebles y compartimentos del motorhome.",Cerradura P/Baulera C/llave 12 x 9 cm - Acero Inox.,"• Código: C.B.AI
• Acero Inox",0,0,https://rc-conversiones.vercel.app/images/productos/c-b-ai.webp,0,49
C.B.N,Herrajes,Cerraduras para Bauleras,Cerradura P/Baulera C/llave 12 x 9 cm,"Cerradura P/Baulera C/llave 12 x 9 cm. Herraje pensado para puertas, muebles y compartimentos del motorhome.",Cerradura P/Baulera C/llave 12 x 9 cm - Negra,"• Código: C.B.N
• Negra",0,0,https://rc-conversiones.vercel.app/images/productos/c-b-n.webp,0,49
C.B.PE,Herrajes,Cerraduras para Bauleras,Perilla P/Cerradura Baulera,"Perilla P/Cerradura Baulera. Herraje pensado para puertas, muebles y compartimentos del motorhome.",Perilla P/Cerradura Baulera,• Código: C.B.PE,0,0,https://rc-conversiones.vercel.app/images/productos/c-b-pe.webp,0,49
C.LPC,Herrajes,Cerradura Levantapiso,Cerradura Levanta Piso con Llave,"Cerradura Levanta Piso con Llave. Herraje pensado para puertas, muebles y compartimentos del motorhome.",Cerradura Levanta Piso con Llave,• Código: C.LPC,0,0,https://rc-conversiones.vercel.app/images/productos/c-lpc.webp,0,50
C.LP,Herrajes,Cerradura Levantapiso,Cerradura Levanta Piso,"Cerradura Levanta Piso. Herraje pensado para puertas, muebles y compartimentos del motorhome.",Cerradura Levanta Piso,• Código: C.LP,0,0,https://rc-conversiones.vercel.app/images/productos/c-lp.webp,0,50
C.B.P,Herrajes,Cerraduras para Baños,Cerradura P/Puerta Baño C/picaporte,"Cerradura P/Puerta Baño C/picaporte. Herraje pensado para puertas, muebles y compartimentos del motorhome.",Cerradura P/Puerta Baño C/picaporte - Cromada,"• Código: C.B.P
• Cromada",0,0,https://rc-conversiones.vercel.app/images/productos/c-b-p.webp,0,50
C.B.E,Herrajes,Cerraduras para Baños,Cerradura P/Puerta Baño P/Embutir,"Cerradura P/Puerta Baño P/Embutir. Herraje pensado para puertas, muebles y compartimentos del motorhome.",Cerradura P/Puerta Baño P/Embutir,• Código: C.B.E,0,0,https://rc-conversiones.vercel.app/images/productos/c-b-e.webp,0,50
C.PLT.C,Herrajes,Cerraduras para Muebles,Cerradura Push lock P/Mueble C/Tirador,"Cerradura Push lock P/Mueble C/Tirador. Herraje pensado para puertas, muebles y compartimentos del motorhome.",Cerradura Push lock P/Mueble C/Tirador - CROMADA,"• Código: C.PLT.C
• CROMADA",0,0,https://rc-conversiones.vercel.app/images/productos/c-plt-c.webp,0,50
C.PL.BC,Herrajes,Cerraduras para Muebles,Cerradura Push lock P/Mueble - GRANDE,"Cerradura Push lock P/Mueble - GRANDE. Herraje pensado para puertas, muebles y compartimentos del motorhome.",Cerradura Push lock P/Mueble - GRANDE - BRONCA CROMADA,"• Código: C.PL.BC
• GRANDE
• BRONCA CROMADA",0,0,https://rc-conversiones.vercel.app/images/productos/c-pl-bc.webp,0,50
C.PL.N,Herrajes,Cerraduras para Muebles,Cerradura Push lock P/Mueble - CHICA,"Cerradura Push lock P/Mueble - CHICA. Herraje pensado para puertas, muebles y compartimentos del motorhome.",Cerradura Push lock P/Mueble - CHICA - NEGRA,"• Código: C.PL.N
• CHICA
• NEGRA",0,0,https://rc-conversiones.vercel.app/images/productos/c-pl-n.webp,0,50
C.PL.C,Herrajes,Cerraduras para Muebles,Cerradura Push lock P/Mueble - CHICA,"Cerradura Push lock P/Mueble - CHICA. Herraje pensado para puertas, muebles y compartimentos del motorhome.",Cerradura Push lock P/Mueble - CHICA - CROMADA,"• Código: C.PL.C
• CHICA
• CROMADA",0,0,https://rc-conversiones.vercel.app/images/productos/c-pl-c.webp,0,51
BB.18.E,Mobiliario,Bases de Butacas Giratorias,Base Butaca Giratoria 18 cm,Base Butaca Giratoria 18 cm. Componente pensado para optimizar el mobiliario y el aprovechamiento del espacio interior.,Base Butaca Giratoria 18 cm - Base 45x34 cm - EXPERT,"• Código: BB.18.E
• Base 45x34 cm
• EXPERT",0,0,https://rc-conversiones.vercel.app/images/productos/bb-18-e.webp,0,51
BB.20.T,Mobiliario,Bases de Butacas Giratorias,Base Butaca Giratoria 20 cm - TRANSIT,Base Butaca Giratoria 20 cm - TRANSIT. Componente pensado para optimizar el mobiliario y el aprovechamiento del espacio interior.,Base Butaca Giratoria 20 cm - TRANSIT - Desde 2001 a 2015,"• Código: BB.20.T
• TRANSIT
• Desde 2001 a 2015",0,0,https://rc-conversiones.vercel.app/images/productos/bb-20-t.webp,0,51
BB.195.T,Mobiliario,Bases de Butacas Giratorias,"Base Butaca Giratoria 19,5 cm - TRANSIT","Base Butaca Giratoria 19,5 cm - TRANSIT. Componente pensado para optimizar el mobiliario y el aprovechamiento del espacio interior.","Base Butaca Giratoria 19,5 cm - TRANSIT - Desde 2016","• Código: BB.195.T
• TRANSIT
• Desde 2016",0,0,https://rc-conversiones.vercel.app/images/productos/bb-195-t.webp,0,51
BB.20.MA,Mobiliario,Bases de Butacas Giratorias,Base butaca Giratoria 20 cm - MASTER,Base butaca Giratoria 20 cm - MASTER. Componente pensado para optimizar el mobiliario y el aprovechamiento del espacio interior.,Base butaca Giratoria 20 cm - MASTER - Acompañante,"• Código: BB.20.MA
• MASTER
• Acompañante",0,0,https://rc-conversiones.vercel.app/images/productos/bb-20-ma.webp,0,51
BB.36.DA,Mobiliario,Bases de Butacas Giratorias,Base Butaca Giratoria 36 cm - DUCATO 1993,Base Butaca Giratoria 36 cm - DUCATO 1993. Componente pensado para optimizar el mobiliario y el aprovechamiento del espacio interior.,Base Butaca Giratoria 36 cm - DUCATO 1993 - Acompañante,"• Código: BB.36.DA
• DUCATO 1993
• Acompañante",0,0,https://rc-conversiones.vercel.app/images/productos/bb-36-da.webp,0,51
BB.22.DA,Mobiliario,Bases de Butacas Giratorias,Base Butaca Giratoria 22 cm - DUCATO,Base Butaca Giratoria 22 cm - DUCATO. Componente pensado para optimizar el mobiliario y el aprovechamiento del espacio interior.,Base Butaca Giratoria 22 cm - DUCATO - Hasta 2016 - Acompañante,"• Código: BB.22.DA
• DUCATO
• Hasta 2016
• Acompañante",0,0,https://rc-conversiones.vercel.app/images/productos/bb-22-da.webp,0,51
BB.22.DJBA,Mobiliario,Bases de Butacas Giratorias,Base Butaca Giratoria 22 cm - JUMPER/DUCATO/BOXER,Base Butaca Giratoria 22 cm - JUMPER/DUCATO/BOXER. Componente pensado para optimizar el mobiliario y el aprovechamiento del espacio interior.,Base Butaca Giratoria 22 cm - JUMPER/DUCATO/BOXER - 2017 - Acompañante,"• Código: BB.22.DJBA
• JUMPER/DUCATO/BOXER
• 2017
• Acompañante",0,0,https://rc-conversiones.vercel.app/images/productos/bb-22-djba.webp,0,51
BB.25.SH13A,Mobiliario,Bases de Butacas Giratorias,Base Butaca Giratoria 25 cm - SPRINTER,Base Butaca Giratoria 25 cm - SPRINTER. Componente pensado para optimizar el mobiliario y el aprovechamiento del espacio interior.,Base Butaca Giratoria 25 cm - SPRINTER - Hasta 2013 - Acompañante,"• Código: BB.25.SH13A
• SPRINTER
• Hasta 2013
• Acompañante",0,0,https://rc-conversiones.vercel.app/images/productos/bb-25-sh13a.webp,0,52
BB.25.SD13A,Mobiliario,Bases de Butacas Giratorias,Base Butaca Giratoria 25 cm - SPRINTER,Base Butaca Giratoria 25 cm - SPRINTER. Componente pensado para optimizar el mobiliario y el aprovechamiento del espacio interior.,Base Butaca Giratoria 25 cm - SPRINTER - Desde 2013 - Acompañante,"• Código: BB.25.SD13A
• SPRINTER
• Desde 2013
• Acompañante",0,0,https://rc-conversiones.vercel.app/images/productos/bb-25-sd13a.webp,0,52
BB.9.SA,Mobiliario,Bases de Butacas Giratorias,Base Butaca Giratoria 9cm - SPRINTER,Base Butaca Giratoria 9cm - SPRINTER. Componente pensado para optimizar el mobiliario y el aprovechamiento del espacio interior.,Base Butaca Giratoria 9cm - SPRINTER - S/Cajon - Acompañante,"• Código: BB.9.SA
• SPRINTER
• S/Cajon
• Acompañante",0,0,https://rc-conversiones.vercel.app/images/productos/bb-9-sa.webp,0,52
BB.25.D,Mobiliario,Bases de Butacas Giratorias,Base Butaca Giratoria 25 cm - IVECO DAYLI,Base Butaca Giratoria 25 cm - IVECO DAYLI. Componente pensado para optimizar el mobiliario y el aprovechamiento del espacio interior.,Base Butaca Giratoria 25 cm - IVECO DAYLI - Acompañante,"• Código: BB.25.D
• IVECO DAYLI
• Acompañante",0,0,https://rc-conversiones.vercel.app/images/productos/bb-25-d.webp,0,52
BB.35.DJBC,Mobiliario,Bases de Butacas Giratorias,"Base Butaca Giratoria 3,5 cm - JUMPER/DUCATO/BOXER","Base Butaca Giratoria 3,5 cm - JUMPER/DUCATO/BOXER. Componente pensado para optimizar el mobiliario y el aprovechamiento del espacio interior.","Base Butaca Giratoria 3,5 cm - JUMPER/DUCATO/BOXER - Desde 2018/2019 - Conductor","• Código: BB.35.DJBC
• JUMPER/DUCATO/BOXER
• Desde 2018/2019
• Conductor",0,0,https://rc-conversiones.vercel.app/images/productos/bb-35-djbc.webp,0,52
BB.35.SVC,Mobiliario,Bases de Butacas Giratorias,"Base Butaca Giratoria 3,5 cm - SPRINTER/VITO Desde 2018","Base Butaca Giratoria 3,5 cm - SPRINTER/VITO Desde 2018. Componente pensado para optimizar el mobiliario y el aprovechamiento del espacio interior.","Base Butaca Giratoria 3,5 cm - SPRINTER/VITO Desde 2018 - Conductor","• Código: BB.35.SVC
• SPRINTER/VITO Desde 2018
• Conductor",0,0,https://rc-conversiones.vercel.app/images/productos/bb-35-svc.webp,0,52
BB.18,Mobiliario,Bases de Butacas Giratorias,Base Butaca Giratoria 18 cm,Base Butaca Giratoria 18 cm. Componente pensado para optimizar el mobiliario y el aprovechamiento del espacio interior.,Base Butaca Giratoria 18 cm,• Código: BB.18,0,0,https://rc-conversiones.vercel.app/images/productos/bb-18.webp,0,52
BB.25,Mobiliario,Bases de Butacas Giratorias,Base Butaca Giratoria 25 cm,Base Butaca Giratoria 25 cm. Componente pensado para optimizar el mobiliario y el aprovechamiento del espacio interior.,Base Butaca Giratoria 25 cm,• Código: BB.25,0,0,https://rc-conversiones.vercel.app/images/productos/bb-25.webp,0,52
BB.27,Mobiliario,Bases de Butacas Giratorias,Base Butaca Giratoria 27 cm,Base Butaca Giratoria 27 cm. Componente pensado para optimizar el mobiliario y el aprovechamiento del espacio interior.,Base Butaca Giratoria 27 cm,• Código: BB.27,0,0,https://rc-conversiones.vercel.app/images/productos/bb-27.webp,0,53
PM.E.BP,Mobiliario,Pies de Mesa Electricos,Pie de Mesa Electrico 12v C/Bandeja P/Mesa - Giro Completo 360º,Pie de Mesa Electrico 12v C/Bandeja P/Mesa - Giro Completo 360º. Componente pensado para optimizar el mobiliario y el aprovechamiento del espacio interior.,Pie de Mesa Electrico 12v C/Bandeja P/Mesa - Giro Completo 360º,"• Código: PM.E.BP
• Giro Completo 360º",0,0,https://rc-conversiones.vercel.app/images/productos/pm-e-bp.webp,0,53
PMD.RR100,Mobiliario,Pies de Mesa Electricos,Pie de Mesa Simple RR100 - Elevacion Neumatica,Pie de Mesa Simple RR100 - Elevacion Neumatica. Componente pensado para optimizar el mobiliario y el aprovechamiento del espacio interior.,Pie de Mesa Simple RR100 - Elevacion Neumatica - Sobre Piso - 42 a 72 cm,"• Código: PMD.RR100
• Elevacion Neumatica
• Sobre Piso
• 42 a 72 cm",0,0,https://rc-conversiones.vercel.app/images/productos/pmd-rr100.webp,0,53
PMD.RR110,Mobiliario,Pies de Mesa Electricos,Pie de Mesa Doble RR110 - Elevacion Neumatica,Pie de Mesa Doble RR110 - Elevacion Neumatica. Componente pensado para optimizar el mobiliario y el aprovechamiento del espacio interior.,Pie de Mesa Doble RR110 - Elevacion Neumatica - Sobre Piso - 42 a 72 cm,"• Código: PMD.RR110
• Elevacion Neumatica
• Sobre Piso
• 42 a 72 cm",0,0,https://rc-conversiones.vercel.app/images/productos/pmd-rr110.webp,0,53
PMS.RM01,Mobiliario,Pies de Mesa Mecanicos,Pie de Mesa Simple RM01 - Elevacion Mecanica,Pie de Mesa Simple RM01 - Elevacion Mecanica. Componente pensado para optimizar el mobiliario y el aprovechamiento del espacio interior.,Pie de Mesa Simple RM01 - Elevacion Mecanica - Sobre Piso - 42 a 72 cm,"• Código: PMS.RM01
• Elevacion Mecanica
• Sobre Piso
• 42 a 72 cm",0,0,https://rc-conversiones.vercel.app/images/productos/pms-rm01.webp,0,53
PMS.RM02,Mobiliario,Pies de Mesa Mecanicos,Pie de Mesa Simple RM02 - Elevacion Mecanica,Pie de Mesa Simple RM02 - Elevacion Mecanica. Componente pensado para optimizar el mobiliario y el aprovechamiento del espacio interior.,Pie de Mesa Simple RM02 - Elevacion Mecanica - Bajo Piso - 34 a 65 cm,"• Código: PMS.RM02
• Elevacion Mecanica
• Bajo Piso
• 34 a 65 cm",0,0,https://rc-conversiones.vercel.app/images/productos/pms-rm02.webp,0,53
PMS.RM03,Mobiliario,Pies de Mesa Mecanicos,Pie de Mesa Simple RM03 - Elevacion Mecanica,Pie de Mesa Simple RM03 - Elevacion Mecanica. Componente pensado para optimizar el mobiliario y el aprovechamiento del espacio interior.,"Pie de Mesa Simple RM03 - Elevacion Mecanica - Bajo Piso -  Desmontable 36,5 a 69 cm","• Código: PMS.RM03
• Elevacion Mecanica
• Bajo Piso
• Desmontable 36,5 a 69 cm",0,0,https://rc-conversiones.vercel.app/images/productos/pms-rm03.webp,0,53
PMD.RM04,Mobiliario,Pies de Mesa Mecanicos,Pie de Mesa Doble RM04 - Elevacion Mecanica,Pie de Mesa Doble RM04 - Elevacion Mecanica. Componente pensado para optimizar el mobiliario y el aprovechamiento del espacio interior.,Pie de Mesa Doble RM04 - Elevacion Mecanica - Sobre Piso - 42 a 72 cm,"• Código: PMD.RM04
• Elevacion Mecanica
• Sobre Piso
• 42 a 72 cm",0,0,https://rc-conversiones.vercel.app/images/productos/pmd-rm04.webp,0,53
PMD.RM05,Mobiliario,Pies de Mesa Mecanicos,Pie de Mesa Doble RM05 - Elevacion Mecanica,Pie de Mesa Doble RM05 - Elevacion Mecanica. Componente pensado para optimizar el mobiliario y el aprovechamiento del espacio interior.,"Pie de Mesa Doble RM05 - Elevacion Mecanica - Bajo Piso - 34 a 66,5 cm","• Código: PMD.RM05
• Elevacion Mecanica
• Bajo Piso
• 34 a 66,5 cm",0,0,https://rc-conversiones.vercel.app/images/productos/pmd-rm05.webp,0,54
PMD.RM09,Mobiliario,Pies de Mesa Mecanicos,Pie de Mesa Doble  RM09 - Elevacion Mecanica,Pie de Mesa Doble  RM09 - Elevacion Mecanica. Componente pensado para optimizar el mobiliario y el aprovechamiento del espacio interior.,"Pie de Mesa Doble  RM09 - Elevacion Mecanica - Bajo Piso -  Desmontable 36,5 a 69 cm","• Código: PMD.RM09
• Elevacion Mecanica
• Bajo Piso
• Desmontable 36,5 a 69 cm",0,0,https://rc-conversiones.vercel.app/images/productos/pmd-rm09.webp,0,54
PMS.RM06,Mobiliario,Pies de Mesa Manuales,Pie de Mesa Simple RM06 - Elevacion Manual,Pie de Mesa Simple RM06 - Elevacion Manual. Componente pensado para optimizar el mobiliario y el aprovechamiento del espacio interior.,Pie de Mesa Simple RM06 - Elevacion Manual - Sobre Piso -  42 a 72 cm,"• Código: PMS.RM06
• Elevacion Manual
• Sobre Piso
• 42 a 72 cm",0,0,https://rc-conversiones.vercel.app/images/productos/pms-rm06.webp,0,54
PMS.RM07,Mobiliario,Pies de Mesa Manuales,Pie de Mesa Simple RM07 - Elevacion Manual,Pie de Mesa Simple RM07 - Elevacion Manual. Componente pensado para optimizar el mobiliario y el aprovechamiento del espacio interior.,"Pie de Mesa Simple RM07 - Elevacion Manual - Bajo Piso - 33,5 a 65,5 cm","• Código: PMS.RM07
• Elevacion Manual
• Bajo Piso
• 33,5 a 65,5 cm",0,0,https://rc-conversiones.vercel.app/images/productos/pms-rm07.webp,0,54
PMS.RM08,Mobiliario,Pies de Mesa Manuales,Pie de Mesa Simple RM08 - Elevacion Manual,Pie de Mesa Simple RM08 - Elevacion Manual. Componente pensado para optimizar el mobiliario y el aprovechamiento del espacio interior.,"Pie de Mesa Simple RM08 - Elevacion Manual - Bajo Piso -  Desmontable - 36 a 68,5 cm","• Código: PMS.RM08
• Elevacion Manual
• Bajo Piso
• Desmontable
• 36 a 68,5 cm",0,0,https://rc-conversiones.vercel.app/images/productos/pms-rm08.webp,0,54
PM.FC,Mobiliario,Pies de Mesa Fijos,Pie de Mesa Fijo Central Sobre Piso - Desmontable,Pie de Mesa Fijo Central Sobre Piso - Desmontable. Componente pensado para optimizar el mobiliario y el aprovechamiento del espacio interior.,Pie de Mesa Fijo Central Sobre Piso - Desmontable - ALUMINIO PULIDO,"• Código: PM.FC
• Desmontable
• ALUMINIO PULIDO",0,0,https://rc-conversiones.vercel.app/images/productos/pm-fc.webp,0,54
PM.FC.AP,Mobiliario,Pies de Mesa Fijos,Pie de Mesa Fijo Central Bajo Piso - Desmontable,Pie de Mesa Fijo Central Bajo Piso - Desmontable. Componente pensado para optimizar el mobiliario y el aprovechamiento del espacio interior.,Pie de Mesa Fijo Central Bajo Piso - Desmontable - ALUMINIO PULIDO,"• Código: PM.FC.AP
• Desmontable
• ALUMINIO PULIDO",0,0,https://rc-conversiones.vercel.app/images/productos/pm-fc-ap.webp,0,54
BG.MP,Mobiliario,Pies de Mesa Fijos,Brazo P/Mesa - Giratorio Articulado Aluminio,Brazo P/Mesa - Giratorio Articulado Aluminio. Componente pensado para optimizar el mobiliario y el aprovechamiento del espacio interior.,Brazo P/Mesa - Giratorio Articulado Aluminio - PREMIUM,"• Código: BG.MP
• Giratorio Articulado Aluminio
• PREMIUM",0,0,https://rc-conversiones.vercel.app/images/productos/bg-mp.webp,0,54
BG.M,Mobiliario,Pies de Mesa Fijos,Brazo P/Mesa - Giratorio Articulado Aluminio,Brazo P/Mesa - Giratorio Articulado Aluminio. Componente pensado para optimizar el mobiliario y el aprovechamiento del espacio interior.,Brazo P/Mesa - Giratorio Articulado Aluminio,"• Código: BG.M
• Giratorio Articulado Aluminio",0,0,https://rc-conversiones.vercel.app/images/productos/bg-m.webp,0,55
ER.S.N,Seguridad,Escalones,Escalon Rebatible Simple P/Puerta Ingreso,Escalon Rebatible Simple P/Puerta Ingreso. Accesorio destinado a sumar practicidad y seguridad en el equipamiento del vehículo.,Escalon Rebatible Simple P/Puerta Ingreso - Negro,"• Código: ER.S.N
• Negro",0,0,https://rc-conversiones.vercel.app/images/productos/er-s-n.webp,0,55
M18020,Seguridad,Matafuegos,Matafuego Tipo Compacto C/Sopore,Matafuego Tipo Compacto C/Sopore. Accesorio destinado a sumar practicidad y seguridad en el equipamiento del vehículo.,"Matafuego Tipo Compacto C/Sopore - 1kg - 10,9 x 24 x 10,4 cm","• Código: M18020
• 1kg
• 10,9 x 24 x 10,4 cm",0,0,https://rc-conversiones.vercel.app/images/productos/m18020.webp,0,55
TT.112.G,Seguridad,Tapas de Tanque de Combustible,"Tapa de Tanque de Gasoil o Nafta C/Traba 1 1/2""- BLANCA C/ROJO","Tapa de Tanque de Gasoil o Nafta C/Traba 1 1/2""- BLANCA C/ROJO. Accesorio destinado a sumar practicidad y seguridad en el equipamiento del vehículo.","Tapa de Tanque de Gasoil o Nafta C/Traba 1 1/2""- BLANCA C/ROJO",• Código: TT.112.G,0,0,https://rc-conversiones.vercel.app/images/productos/tt-112-g.webp,0,55
BC.20,Seguridad,Bidones para Combustible,Bidon Combustible 20L,Bidon Combustible 20L. Accesorio destinado a sumar practicidad y seguridad en el equipamiento del vehículo.,Bidon Combustible 20L - C/Venteo Pico Vertedor y Cierre Automatico,"• Código: BC.20
• C/Venteo Pico Vertedor y Cierre Automatico",0,0,https://rc-conversiones.vercel.app/images/productos/bc-20.webp,0,55
BC.10,Seguridad,Bidones para Combustible,Bidon Combustible 10L,Bidon Combustible 10L. Accesorio destinado a sumar practicidad y seguridad en el equipamiento del vehículo.,Bidon Combustible 10L - C/Venteo Pico Vertedor y Cierre Automatico,"• Código: BC.10
• C/Venteo Pico Vertedor y Cierre Automatico",0,0,https://rc-conversiones.vercel.app/images/productos/bc-10.webp,0,55
BC.5,Seguridad,Bidones para Combustible,Bidon Combustible 5L,Bidon Combustible 5L. Accesorio destinado a sumar practicidad y seguridad en el equipamiento del vehículo.,Bidon Combustible 5L - C/Venteo Pico Vertedor y Cierre Automatico,"• Código: BC.5
• C/Venteo Pico Vertedor y Cierre Automatico",0,0,https://rc-conversiones.vercel.app/images/productos/bc-5.webp,0,55
LS.5000,Seguridad,Lingas y Sunchos,"Linga/Suncho 2"" con Cricket","Linga/Suncho 2"" con Cricket. Accesorio destinado a sumar practicidad y seguridad en el equipamiento del vehículo.","Linga/Suncho 2"" con Cricket - 800x5 cm - Hasta 5000kg","• Código: LS.5000
• 800x5 cm
• Hasta 5000kg",0,0,https://rc-conversiones.vercel.app/images/productos/ls-5000.webp,0,56
LS.800,Seguridad,Lingas y Sunchos,"Linga/Suncho 1"" con Cricket","Linga/Suncho 1"" con Cricket. Accesorio destinado a sumar practicidad y seguridad en el equipamiento del vehículo.","Linga/Suncho 1"" con Cricket - 300x2,5 cm - Hasta 800kg","• Código: LS.800
• 300x2,5 cm
• Hasta 800kg",0,0,https://rc-conversiones.vercel.app/images/productos/ls-800.webp,0,56
TI.LC.B,Sanitarios,Tapas de Inspección - Con Llave,Tapa Estanca Plastica de Inspeccion C/Llave - CHICA,Tapa Estanca Plastica de Inspeccion C/Llave - CHICA. Producto destinado al equipamiento sanitario y de baño del motorhome.,"Tapa Estanca Plastica de Inspeccion C/Llave - CHICA - 27x37,5 cm","• Código: TI.LC.B
• CHICA
• 27x37,5 cm",0,0,https://rc-conversiones.vercel.app/images/productos/ti-lc-b.webp,0,56
TI.LM.B,Sanitarios,Tapas de Inspección - Con Llave,Tapa Estanca Plastica de Inspeccion C/Llave - MEDIANA,Tapa Estanca Plastica de Inspeccion C/Llave - MEDIANA. Producto destinado al equipamiento sanitario y de baño del motorhome.,"Tapa Estanca Plastica de Inspeccion C/Llave - MEDIANA - 44x31,5 cm","• Código: TI.LM.B
• MEDIANA
• 44x31,5 cm",0,0,https://rc-conversiones.vercel.app/images/productos/ti-lm-b.webp,0,56
TI.LG.B,Sanitarios,Tapas de Inspección - Con Llave,Tapa Estanca Plastica de Inspeccion C/Llave - GRANDE,Tapa Estanca Plastica de Inspeccion C/Llave - GRANDE. Producto destinado al equipamiento sanitario y de baño del motorhome.,"Tapa Estanca Plastica de Inspeccion C/Llave - GRANDE - 60,5x35 cm","• Código: TI.LG.B
• GRANDE
• 60,5x35 cm",0,0,https://rc-conversiones.vercel.app/images/productos/ti-lg-b.webp,0,56
TI.LVC.B,Sanitarios,Tapas de Inspección - Con Llave,Tapa Estanca Plastica de Inspeccion C/Llave + Ventana Corrediza,Tapa Estanca Plastica de Inspeccion C/Llave + Ventana Corrediza. Producto destinado al equipamiento sanitario y de baño del motorhome.,"Tapa Estanca Plastica de Inspeccion C/Llave + Ventana Corrediza - 15,1x16,6 cm","• Código: TI.LVC.B
• 15,1x16,6 cm",0,0,https://rc-conversiones.vercel.app/images/productos/ti-lvc-b.webp,0,56
TI.LVM.B,Sanitarios,Tapas de Inspección - Con Llave,Tapa Estanca Plastica de Inspeccion C/Llave + Ventana Corrediza,Tapa Estanca Plastica de Inspeccion C/Llave + Ventana Corrediza. Producto destinado al equipamiento sanitario y de baño del motorhome.,"Tapa Estanca Plastica de Inspeccion C/Llave + Ventana Corrediza - 16,5x19,3 cm","• Código: TI.LVM.B
• 16,5x19,3 cm",0,0,https://rc-conversiones.vercel.app/images/productos/ti-lvm-b.webp,0,56
TI.TC.B,Sanitarios,Tapas de Inspección - Con Traba,Tapa Estanca Plastica de Inspeccion C/1 Traba,Tapa Estanca Plastica de Inspeccion C/1 Traba. Producto destinado al equipamiento sanitario y de baño del motorhome.,"Tapa Estanca Plastica de Inspeccion C/1 Traba - CHICA 27x37,5x3 cm","• Código: TI.TC.B
• CHICA 27x37,5x3 cm",0,0,https://rc-conversiones.vercel.app/images/productos/ti-tc-b.webp,0,57
TI.TM.B,Sanitarios,Tapas de Inspección - Con Traba,"Tapa Estanca Plastica de Inspeccion C/2 Traba MEDIANA 44x31,5x4 cm","Tapa Estanca Plastica de Inspeccion C/2 Traba MEDIANA 44x31,5x4 cm. Producto destinado al equipamiento sanitario y de baño del motorhome.","Tapa Estanca Plastica de Inspeccion C/2 Traba MEDIANA 44x31,5x4 cm","• Código: TI.TM.B
• 44x31,5x4 cm",0,0,https://rc-conversiones.vercel.app/images/productos/ti-tm-b.webp,0,57
TI.TG.B,Sanitarios,Tapas de Inspección - Con Traba,"Tapa Estanca Plastica de Inspeccion C/2 Traba GRANDE 60,5x35x4 cm","Tapa Estanca Plastica de Inspeccion C/2 Traba GRANDE 60,5x35x4 cm. Producto destinado al equipamiento sanitario y de baño del motorhome.","Tapa Estanca Plastica de Inspeccion C/2 Traba GRANDE 60,5x35x4 cm","• Código: TI.TG.B
• 60,5x35x4 cm",0,0,https://rc-conversiones.vercel.app/images/productos/ti-tg-b.webp,0,57
TI.4.BC,Sanitarios,Tapas de Inspección - Simples,"Tapa Estanca Plastica de Inspeccion Redonda 4""","Tapa Estanca Plastica de Inspeccion Redonda 4"". Producto destinado al equipamiento sanitario y de baño del motorhome.","Tapa Estanca Plastica de Inspeccion Redonda 4"" - BLANCA","• Código: TI.4.BC
• BLANCA",0,0,https://rc-conversiones.vercel.app/images/productos/ti-4-bc.webp,0,57
TI.4.NC,Sanitarios,Tapas de Inspección - Simples,"Tapa Estanca Plastica de Inspeccion Redonda 4""","Tapa Estanca Plastica de Inspeccion Redonda 4"". Producto destinado al equipamiento sanitario y de baño del motorhome.","Tapa Estanca Plastica de Inspeccion Redonda 4"" - NEGRA","• Código: TI.4.NC
• NEGRA",0,0,https://rc-conversiones.vercel.app/images/productos/ti-4-nc.webp,0,57
TI.6.BC,Sanitarios,Tapas de Inspección - Simples,"Tapa Estanca Plastica de Inspeccion Redonda 6""","Tapa Estanca Plastica de Inspeccion Redonda 6"". Producto destinado al equipamiento sanitario y de baño del motorhome.","Tapa Estanca Plastica de Inspeccion Redonda 6"" - BLANCA","• Código: TI.6.BC
• BLANCA",0,0,https://rc-conversiones.vercel.app/images/productos/ti-6-bc.webp,0,57
BBC12077,Sanitarios,Modulos de Baño - Fibra de Vidrio,Box de Baño Completo,Box de Baño Completo. Producto destinado al equipamiento sanitario y de baño del motorhome.,Box de Baño Completo - 120  x 77 cm,"• Código: BBC12077
• 120  x 77 cm",0,0,https://rc-conversiones.vercel.app/images/productos/bbc12077.webp,0,57
BBC11077,Sanitarios,Modulos de Baño - Fibra de Vidrio,Box de Baño Completo,Box de Baño Completo. Producto destinado al equipamiento sanitario y de baño del motorhome.,Box de Baño Completo - 110 x 77 cm,"• Código: BBC11077
• 110 x 77 cm",0,0,https://rc-conversiones.vercel.app/images/productos/bbc11077.webp,0,58
BBC8292,Sanitarios,Modulos de Baño - Fibra de Vidrio,Box de Baño Completo,Box de Baño Completo. Producto destinado al equipamiento sanitario y de baño del motorhome.,Box de Baño Completo - 82 x 92 cm,"• Código: BBC8292
• 82 x 92 cm",0,0,https://rc-conversiones.vercel.app/images/productos/bbc8292.webp,0,58
BBC7090,Sanitarios,Modulos de Baño - Fibra de Vidrio,Box de Baño Completo,Box de Baño Completo. Producto destinado al equipamiento sanitario y de baño del motorhome.,Box de Baño Completo - 70 x 90 cm,"• Código: BBC7090
• 70 x 90 cm",0,0,https://rc-conversiones.vercel.app/images/productos/bbc7090.webp,0,58
BBM12077,Sanitarios,Modulos de Baño - Fibra de Vidrio,Box de Baño Medio,Box de Baño Medio. Producto destinado al equipamiento sanitario y de baño del motorhome.,Box de Baño Medio - 120  x 77 cm,"• Código: BBM12077
• 120  x 77 cm",0,0,https://rc-conversiones.vercel.app/images/productos/bbm12077.webp,0,58
BBM11077,Sanitarios,Modulos de Baño - Fibra de Vidrio,Box de Baño Medio,Box de Baño Medio. Producto destinado al equipamiento sanitario y de baño del motorhome.,Box de Baño Medio - 110 x 77 cm,"• Código: BBM11077
• 110 x 77 cm",0,0,https://rc-conversiones.vercel.app/images/productos/bbm11077.webp,0,58
BBM8292,Sanitarios,Modulos de Baño - Fibra de Vidrio,Box de Baño Medio,Box de Baño Medio. Producto destinado al equipamiento sanitario y de baño del motorhome.,Box de Baño Medio - 82 x 92 cm,"• Código: BBM8292
• 82 x 92 cm",0,0,https://rc-conversiones.vercel.app/images/productos/bbm8292.webp,0,58
BBM7090,Sanitarios,Modulos de Baño - Fibra de Vidrio,Box de Baño Medio,Box de Baño Medio. Producto destinado al equipamiento sanitario y de baño del motorhome.,Box de Baño Medio - 70 x 90 cm,"• Código: BBM7090
• 70 x 90 cm",0,0,https://rc-conversiones.vercel.app/images/productos/bbm7090.webp,0,58
BBM8670,Sanitarios,Modulos de Baño - Fibra de Vidrio,Box de Baño Medio,Box de Baño Medio. Producto destinado al equipamiento sanitario y de baño del motorhome.,Box de Baño Medio - 86 x 70 x 80 cm,"• Código: BBM8670
• 86 x 70 x 80 cm",0,0,https://rc-conversiones.vercel.app/images/productos/bbm8670.webp,0,59
PFV,Sanitarios,Modulos de Baño - Fibra de Vidrio,Puerta de Fibra de Vidrio,Puerta de Fibra de Vidrio. Producto destinado al equipamiento sanitario y de baño del motorhome.,Puerta de Fibra de Vidrio - Marco 167 x 55 cm - Hoja 155 x 45 cm,"• Código: PFV
• Marco 167 x 55 cm
• Hoja 155 x 45 cm",0,0,https://rc-conversiones.vercel.app/images/productos/pfv.webp,0,59
PD.6060,Sanitarios,Pisos/Receptaculos de Ducha,Piso de Ducha 60x60x6 cm,Piso de Ducha 60x60x6 cm. Producto destinado al equipamiento sanitario y de baño del motorhome.,Piso de Ducha 60x60x6 cm,"• Código: PD.6060
• 60x60x6 cm",0,0,https://rc-conversiones.vercel.app/images/productos/pd-6060.webp,0,59
PD.7070,Sanitarios,Pisos/Receptaculos de Ducha,Piso de Ducha 70x70x8 cm,Piso de Ducha 70x70x8 cm. Producto destinado al equipamiento sanitario y de baño del motorhome.,Piso de Ducha 70x70x8 cm,"• Código: PD.7070
• 70x70x8 cm",0,0,https://rc-conversiones.vercel.app/images/productos/pd-7070.webp,0,59
PD.7575,Sanitarios,Pisos/Receptaculos de Ducha,Piso de Ducha 75x75x8 cm,Piso de Ducha 75x75x8 cm. Producto destinado al equipamiento sanitario y de baño del motorhome.,Piso de Ducha 75x75x8 cm,"• Código: PD.7575
• 75x75x8 cm",0,0,https://rc-conversiones.vercel.app/images/productos/pd-7575.webp,0,59
PD.8080,Sanitarios,Pisos/Receptaculos de Ducha,Piso de Ducha 80x80x12 cm,Piso de Ducha 80x80x12 cm. Producto destinado al equipamiento sanitario y de baño del motorhome.,Piso de Ducha 80x80x12 cm,"• Código: PD.8080
• 80x80x12 cm",0,0,https://rc-conversiones.vercel.app/images/productos/pd-8080.webp,0,59
PD.9090,Sanitarios,Pisos/Receptaculos de Ducha,Piso de Ducha 90x90x8 cm,Piso de Ducha 90x90x8 cm. Producto destinado al equipamiento sanitario y de baño del motorhome.,Piso de Ducha 90x90x8 cm,"• Código: PD.9090
• 90x90x8 cm",0,0,https://rc-conversiones.vercel.app/images/productos/pd-9090.webp,0,59
PDC.8080,Sanitarios,Pisos/Receptaculos de Ducha,Piso de Ducha Curvo 80x80x8 cm,Piso de Ducha Curvo 80x80x8 cm. Producto destinado al equipamiento sanitario y de baño del motorhome.,Piso de Ducha Curvo 80x80x8 cm,"• Código: PDC.8080
• 80x80x8 cm",0,0,https://rc-conversiones.vercel.app/images/productos/pdc-8080.webp,0,60
PDC.9090,Sanitarios,Pisos/Receptaculos de Ducha,Piso de Ducha Curvo 90x90x6 cm,Piso de Ducha Curvo 90x90x6 cm. Producto destinado al equipamiento sanitario y de baño del motorhome.,Piso de Ducha Curvo 90x90x6 cm,"• Código: PDC.9090
• 90x90x6 cm",0,0,https://rc-conversiones.vercel.app/images/productos/pdc-9090.webp,0,60
PD.10075,Sanitarios,Pisos/Receptaculos de Ducha,Piso de Ducha 100x75 cm,Piso de Ducha 100x75 cm. Producto destinado al equipamiento sanitario y de baño del motorhome.,Piso de Ducha 100x75 cm,"• Código: PD.10075
• 100x75 cm",0,0,https://rc-conversiones.vercel.app/images/productos/pd-10075.webp,0,60
PD.12070,Sanitarios,Pisos/Receptaculos de Ducha,Piso de Ducha 120x70x6 cm,Piso de Ducha 120x70x6 cm. Producto destinado al equipamiento sanitario y de baño del motorhome.,Piso de Ducha 120x70x6 cm,"• Código: PD.12070
• 120x70x6 cm",0,0,https://rc-conversiones.vercel.app/images/productos/pd-12070.webp,0,60
PD.12080,Sanitarios,Pisos/Receptaculos de Ducha,Piso de Ducha 120x80x6 cm,Piso de Ducha 120x80x6 cm. Producto destinado al equipamiento sanitario y de baño del motorhome.,Piso de Ducha 120x80x6 cm,"• Código: PD.12080
• 120x80x6 cm",0,0,https://rc-conversiones.vercel.app/images/productos/pd-12080.webp,0,60
IE.G.12,Sanitarios,Inodoros Electricos 12v o 24v - TMC,Inodoro Electrico 12v TMC - GRANDE,Inodoro Electrico 12v TMC - GRANDE. Producto destinado al equipamiento sanitario y de baño del motorhome.,Inodoro Electrico 12v TMC - GRANDE,"• Código: IE.G.12
• GRANDE",0,0,https://rc-conversiones.vercel.app/images/productos/ie-g-12.webp,0,60
IE.C.12,Sanitarios,Inodoros Electricos 12v o 24v - TMC,Inodoro Electrico 12v TMC - CHICO,Inodoro Electrico 12v TMC - CHICO. Producto destinado al equipamiento sanitario y de baño del motorhome.,Inodoro Electrico 12v TMC - CHICO,"• Código: IE.C.12
• CHICO",0,0,https://rc-conversiones.vercel.app/images/productos/ie-c-12.webp,0,60
IE.TCA.12,Sanitarios,Inodoros Electricos 12v o 24v - TMC,Inodoro Electrico 12v TMC - TIPO CASA ALTO,Inodoro Electrico 12v TMC - TIPO CASA ALTO. Producto destinado al equipamiento sanitario y de baño del motorhome.,Inodoro Electrico 12v TMC - TIPO CASA ALTO,"• Código: IE.TCA.12
• TIPO CASA ALTO",0,0,https://rc-conversiones.vercel.app/images/productos/ie-tca-12.webp,0,61
IE.TCB.12,Sanitarios,Inodoros Electricos 12v o 24v - TMC,Inodoro Electrico 12v TMC - TIPO CASA BAJO,Inodoro Electrico 12v TMC - TIPO CASA BAJO. Producto destinado al equipamiento sanitario y de baño del motorhome.,Inodoro Electrico 12v TMC - TIPO CASA BAJO,"• Código: IE.TCB.12
• TIPO CASA BAJO",0,0,https://rc-conversiones.vercel.app/images/productos/ie-tcb-12.webp,0,61
IE.G.24,Sanitarios,Inodoros Electricos 12v o 24v - TMC,Inodoro Electrico 24v TMC - GRANDE,Inodoro Electrico 24v TMC - GRANDE. Producto destinado al equipamiento sanitario y de baño del motorhome.,Inodoro Electrico 24v TMC - GRANDE,"• Código: IE.G.24
• GRANDE",0,0,https://rc-conversiones.vercel.app/images/productos/ie-g-24.webp,0,61
IE.CS.12,Sanitarios,Inodoros Electricos 12v o 24v - SEAFLO,Inodoro Electrico 12v SEAFLO - Redondo,Inodoro Electrico 12v SEAFLO - Redondo. Producto destinado al equipamiento sanitario y de baño del motorhome.,Inodoro Electrico 12v SEAFLO - Redondo,"• Código: IE.CS.12
• Redondo",0,0,https://rc-conversiones.vercel.app/images/productos/ie-cs-12.webp,0,61
IE.GS.12,Sanitarios,Inodoros Electricos 12v o 24v - SEAFLO,Inodoro Electrico 12v SEAFLO - Ovalado,Inodoro Electrico 12v SEAFLO - Ovalado. Producto destinado al equipamiento sanitario y de baño del motorhome.,Inodoro Electrico 12v SEAFLO - Ovalado,"• Código: IE.GS.12
• Ovalado",0,0,https://rc-conversiones.vercel.app/images/productos/ie-gs-12.webp,0,61
IE.TCS.12,Sanitarios,Inodoros Electricos 12v o 24v - SEAFLO,Inodoro Electrico 12v SEAFLO - Ovalado Silencioso TIPO CASA,Inodoro Electrico 12v SEAFLO - Ovalado Silencioso TIPO CASA. Producto destinado al equipamiento sanitario y de baño del motorhome.,Inodoro Electrico 12v SEAFLO - Ovalado Silencioso TIPO CASA,"• Código: IE.TCS.12
• Ovalado Silencioso TIPO CASA",0,0,https://rc-conversiones.vercel.app/images/productos/ie-tcs-12.webp,0,61
IP.TH.BR,Sanitarios,Inodoros a Pedal,Inodoro C/Pedal THETFORD BRAVURA,Inodoro C/Pedal THETFORD BRAVURA. Producto destinado al equipamiento sanitario y de baño del motorhome.,Inodoro C/Pedal THETFORD BRAVURA,• Código: IP.TH.BR,0,0,https://rc-conversiones.vercel.app/images/productos/ip-th-br.webp,0,61
IP.TH.A,Sanitarios,Inodoros a Pedal,Inodoro C/Pedal THETFORD AQUA MAGIC VI ALTO,Inodoro C/Pedal THETFORD AQUA MAGIC VI ALTO. Producto destinado al equipamiento sanitario y de baño del motorhome.,Inodoro C/Pedal THETFORD AQUA MAGIC VI ALTO - Blanco,"• Código: IP.TH.A
• Blanco",0,0,https://rc-conversiones.vercel.app/images/productos/ip-th-a.webp,0,61
IP.TH.B,Sanitarios,Inodoros a Pedal,Inodoro C/Pedal THETFORD AQUA MAGIC VI BAJO - Beige,Inodoro C/Pedal THETFORD AQUA MAGIC VI BAJO - Beige. Producto destinado al equipamiento sanitario y de baño del motorhome.,Inodoro C/Pedal THETFORD AQUA MAGIC VI BAJO - Beige,"• Código: IP.TH.B
• Beige",0,0,https://rc-conversiones.vercel.app/images/productos/ip-th-b.webp,0,62
IP.P,Sanitarios,Inodoros a Pedal,Inodoro C/Pedal Practitoilet,Inodoro C/Pedal Practitoilet. Producto destinado al equipamiento sanitario y de baño del motorhome.,Inodoro C/Pedal Practitoilet,• Código: IP.P,0,0,https://rc-conversiones.vercel.app/images/productos/ip-p.webp,0,62
IP.BP,Sanitarios,Inodoros a Pedal,Brida Plastica P/Inodoro a Pedal Practitoilet,Brida Plastica P/Inodoro a Pedal Practitoilet. Producto destinado al equipamiento sanitario y de baño del motorhome.,Brida Plastica P/Inodoro a Pedal Practitoilet,• Código: IP.BP,0,0,https://rc-conversiones.vercel.app/images/productos/ip-bp.webp,0,62
IP.S.D,Sanitarios,Inodoros a Pedal,Inodoro C/Pedal SEAFLO + Bidet Duchador,Inodoro C/Pedal SEAFLO + Bidet Duchador. Producto destinado al equipamiento sanitario y de baño del motorhome.,Inodoro C/Pedal SEAFLO + Bidet Duchador,• Código: IP.S.D,0,0,https://rc-conversiones.vercel.app/images/productos/ip-s-d.webp,0,62
IP.S,Sanitarios,Inodoros a Pedal,Inodoro C/Pedal SEAFLO,Inodoro C/Pedal SEAFLO. Producto destinado al equipamiento sanitario y de baño del motorhome.,Inodoro C/Pedal SEAFLO,• Código: IP.S,0,0,https://rc-conversiones.vercel.app/images/productos/ip-s.webp,0,62
IP.BS,Sanitarios,Inodoros a Pedal,Brida Plastica P/Inodoro a Pedal SEAFLO,Brida Plastica P/Inodoro a Pedal SEAFLO. Producto destinado al equipamiento sanitario y de baño del motorhome.,Brida Plastica P/Inodoro a Pedal SEAFLO,• Código: IP.BS,0,0,https://rc-conversiones.vercel.app/images/productos/ip-bs.webp,0,62
IQC.22.G,Sanitarios,Inodoros a Quimicos a Cassette,Inodoro Quimico Cassette 22L Giratorio C/Piston,Inodoro Quimico Cassette 22L Giratorio C/Piston. Producto destinado al equipamiento sanitario y de baño del motorhome.,Inodoro Quimico Cassette 22L Giratorio C/Piston,"• Código: IQC.22.G
• 22L",0,0,https://rc-conversiones.vercel.app/images/productos/iqc-22-g.webp,0,62
IQC.24,Sanitarios,Inodoros a Quimicos a Cassette,Inodoro Quimico Cassette 24L C/Piston,Inodoro Quimico Cassette 24L C/Piston. Producto destinado al equipamiento sanitario y de baño del motorhome.,Inodoro Quimico Cassette 24L C/Piston,"• Código: IQC.24
• 24L",0,0,https://rc-conversiones.vercel.app/images/productos/iqc-24.webp,0,62
IQ.20.P,Sanitarios,Inodoros Quimicos,Inodoro Quimico Practipotty 20L C/Piston,Inodoro Quimico Practipotty 20L C/Piston. Producto destinado al equipamiento sanitario y de baño del motorhome.,Inodoro Quimico Practipotty 20L C/Piston,"• Código: IQ.20.P
• 20L",0,0,https://rc-conversiones.vercel.app/images/productos/iq-20-p.webp,0,63
IQ.20.FD,Sanitarios,Inodoros Quimicos,Inodoro Quimico Practipotty 20L Diagonal C/Fuelle,Inodoro Quimico Practipotty 20L Diagonal C/Fuelle. Producto destinado al equipamiento sanitario y de baño del motorhome.,Inodoro Quimico Practipotty 20L Diagonal C/Fuelle,"• Código: IQ.20.FD
• 20L",0,0,https://rc-conversiones.vercel.app/images/productos/iq-20-fd.webp,0,63
IQ.20.F,Sanitarios,Inodoros Quimicos,Inodoro Quimico Practipotty 20L C/Fuelle,Inodoro Quimico Practipotty 20L C/Fuelle. Producto destinado al equipamiento sanitario y de baño del motorhome.,Inodoro Quimico Practipotty 20L C/Fuelle,"• Código: IQ.20.F
• 20L",0,0,https://rc-conversiones.vercel.app/images/productos/iq-20-f.webp,0,63
IQ.10.F,Sanitarios,Inodoros Quimicos,Inodoro Quimico Practipotty 10L C/Fuelle,Inodoro Quimico Practipotty 10L C/Fuelle. Producto destinado al equipamiento sanitario y de baño del motorhome.,Inodoro Quimico Practipotty 10L C/Fuelle,"• Código: IQ.10.F
• 10L",0,0,https://rc-conversiones.vercel.app/images/productos/iq-10-f.webp,0,63
IQ.22.S,Sanitarios,Inodoros Quimicos SEAFLO,"Inodoro Quimico SEAFLO 22L C/Piston, Pico Vertedor, Medidor y Porta Papel Higienico","Inodoro Quimico SEAFLO 22L C/Piston, Pico Vertedor, Medidor y Porta Papel Higienico. Producto destinado al equipamiento sanitario y de baño del motorhome.","Inodoro Quimico SEAFLO 22L C/Piston, Pico Vertedor, Medidor y Porta Papel Higienico","• Código: IQ.22.S
• 22L",0,0,https://rc-conversiones.vercel.app/images/productos/iq-22-s.webp,0,63
IQ.20.S,Sanitarios,Inodoros Quimicos SEAFLO,Inodoro Quimico SEAFLO 20L C/Piston,Inodoro Quimico SEAFLO 20L C/Piston. Producto destinado al equipamiento sanitario y de baño del motorhome.,Inodoro Quimico SEAFLO 20L C/Piston,"• Código: IQ.20.S
• 20L",0,0,https://rc-conversiones.vercel.app/images/productos/iq-20-s.webp,0,63
IQ.18.S,Sanitarios,Inodoros Quimicos SEAFLO,"Inodoro Quimico FIVE OCEANS 18L C/Piston, Pico Vertedor y Medidor","Inodoro Quimico FIVE OCEANS 18L C/Piston, Pico Vertedor y Medidor. Producto destinado al equipamiento sanitario y de baño del motorhome.","Inodoro Quimico FIVE OCEANS 18L C/Piston, Pico Vertedor y Medidor","• Código: IQ.18.S
• 18L",0,0,https://rc-conversiones.vercel.app/images/productos/iq-18-s.webp,0,63
D.1.F,Sanitarios,Disgregantes para Aguas Negras,Disgregante Liquido FABA 1L - P/Aguas Negras,Disgregante Liquido FABA 1L - P/Aguas Negras. Producto destinado al equipamiento sanitario y de baño del motorhome.,Disgregante Liquido FABA 1L - P/Aguas Negras,"• Código: D.1.F
• P/Aguas Negras",0,0,https://rc-conversiones.vercel.app/images/productos/d-1-f.webp,0,64
D.1.T,Sanitarios,Disgregantes para Aguas Negras,Disgregante Liquido TEC 1L - P/Aguas Negras,Disgregante Liquido TEC 1L - P/Aguas Negras. Producto destinado al equipamiento sanitario y de baño del motorhome.,Disgregante Liquido TEC 1L - P/Aguas Negras,"• Código: D.1.T
• P/Aguas Negras",0,0,https://rc-conversiones.vercel.app/images/productos/d-1-t.webp,0,64
B.U,Sanitarios,Bidets,Bidet Universal Adaptable - Frio-Calor,Bidet Universal Adaptable - Frio-Calor. Producto destinado al equipamiento sanitario y de baño del motorhome.,Bidet Universal Adaptable - Frio-Calor,"• Código: B.U
• Frio-Calor",0,0,https://rc-conversiones.vercel.app/images/productos/b-u.webp,0,64
DE.FCM.N,Sanitarios,Duchadores para Exterior,Duchador Exterior Frio-Calor NUOVA - Monocomando,Duchador Exterior Frio-Calor NUOVA - Monocomando. Producto destinado al equipamiento sanitario y de baño del motorhome.,Duchador Exterior Frio-Calor NUOVA - Monocomando - Manguera 3m,"• Código: DE.FCM.N
• Monocomando
• Manguera 3m",0,0,https://rc-conversiones.vercel.app/images/productos/de-fcm-n.webp,0,64
DE.FC.S,Sanitarios,Duchadores para Exterior,Duchador Exterior Frio-Calor SEAFLO - C/Mezcladora,Duchador Exterior Frio-Calor SEAFLO - C/Mezcladora. Producto destinado al equipamiento sanitario y de baño del motorhome.,Duchador Exterior Frio-Calor SEAFLO - C/Mezcladora - NEGRO - Manguera 3m,"• Código: DE.FC.S
• C/Mezcladora
• NEGRO
• Manguera 3m",0,0,https://rc-conversiones.vercel.app/images/productos/de-fc-s.webp,0,64
DE.FC.D,Sanitarios,Duchadores para Exterior,Duchador Exterior Frio-Calor DURA - C/Mezcladora,Duchador Exterior Frio-Calor DURA - C/Mezcladora. Producto destinado al equipamiento sanitario y de baño del motorhome.,Duchador Exterior Frio-Calor DURA - C/Mezcladora - Blanco,"• Código: DE.FC.D
• C/Mezcladora
• Blanco",0,0,https://rc-conversiones.vercel.app/images/productos/de-fc-d.webp,0,64
DE.F.N,Sanitarios,Duchadores para Exterior,Duchador Exterior Frio NUOVA - C/Corte,Duchador Exterior Frio NUOVA - C/Corte. Producto destinado al equipamiento sanitario y de baño del motorhome.,Duchador Exterior Frio NUOVA - C/Corte - Manguera 3m,"• Código: DE.F.N
• C/Corte
• Manguera 3m",0,0,https://rc-conversiones.vercel.app/images/productos/de-f-n.webp,0,64
DE.S.20,Sanitarios,Duchadores para Exterior,Duchador Exterior SOLAR 20L P/Colgar,Duchador Exterior SOLAR 20L P/Colgar. Producto destinado al equipamiento sanitario y de baño del motorhome.,Duchador Exterior SOLAR 20L P/Colgar,"• Código: DE.S.20
• 20L",0,0,https://rc-conversiones.vercel.app/images/productos/de-s-20.webp,0,64
D.G.C,Sanitarios,Duchadores para Interior,Duchador Interior C/Gatillo ABS C/Manguera - Cromado,Duchador Interior C/Gatillo ABS C/Manguera - Cromado. Producto destinado al equipamiento sanitario y de baño del motorhome.,Duchador Interior C/Gatillo ABS C/Manguera - Cromado,"• Código: D.G.C
• Cromado",0,0,https://rc-conversiones.vercel.app/images/productos/d-g-c.webp,0,65
D.C.C,Sanitarios,Duchadores para Interior,Duchador Interior C/corte ABS C/Manguera - Cromado,Duchador Interior C/corte ABS C/Manguera - Cromado. Producto destinado al equipamiento sanitario y de baño del motorhome.,Duchador Interior C/corte ABS C/Manguera - Cromado,"• Código: D.C.C
• Cromado",0,0,https://rc-conversiones.vercel.app/images/productos/d-c-c.webp,0,65
GM.DA.N,Sanitarios,Completas Canilla + Duchador,Grifería Monocomando C/Duchador Abajo C/Canilla - MOZART,Grifería Monocomando C/Duchador Abajo C/Canilla - MOZART. Producto destinado al equipamiento sanitario y de baño del motorhome.,Grifería Monocomando C/Duchador Abajo C/Canilla - MOZART - ABS NEGRA,"• Código: GM.DA.N
• MOZART
• ABS NEGRA",0,0,https://rc-conversiones.vercel.app/images/productos/gm-da-n.webp,0,65
GM.DA.C,Sanitarios,Completas Canilla + Duchador,Grifería Monocomando C/Duchador Abajo C/Canilla - MOZART,Grifería Monocomando C/Duchador Abajo C/Canilla - MOZART. Producto destinado al equipamiento sanitario y de baño del motorhome.,Grifería Monocomando C/Duchador Abajo C/Canilla - MOZART - ABS CROMADA,"• Código: GM.DA.C
• MOZART
• ABS CROMADA",0,0,https://rc-conversiones.vercel.app/images/productos/gm-da-c.webp,0,65
GM.DAR.N,Sanitarios,Completas Canilla + Duchador,Grifería Monocomando C/Duchador Arriba - MOZART,Grifería Monocomando C/Duchador Arriba - MOZART. Producto destinado al equipamiento sanitario y de baño del motorhome.,Grifería Monocomando C/Duchador Arriba - MOZART - ABS NEGRA,"• Código: GM.DAR.N
• MOZART
• ABS NEGRA",0,0,https://rc-conversiones.vercel.app/images/productos/gm-dar-n.webp,0,65
GM.DAR.C,Sanitarios,Completas Canilla + Duchador,Grifería Monocomando C/Duchador Arriba - MOZART,Grifería Monocomando C/Duchador Arriba - MOZART. Producto destinado al equipamiento sanitario y de baño del motorhome.,Grifería Monocomando C/Duchador Arriba - MOZART - ABS CROMADA,"• Código: GM.DAR.C
• MOZART
• ABS CROMADA",0,0,https://rc-conversiones.vercel.app/images/productos/gm-dar-c.webp,0,65
CC.RM.B,Grifería,Canillas Rebatibles,Canilla P/Cocina Rebatible C/mezcladora - BRONCE CROMADO,"Canilla P/Cocina Rebatible C/mezcladora - BRONCE CROMADO. Accesorio para instalaciones de agua, cocina o baño en espacios compactos.",Canilla P/Cocina Rebatible C/mezcladora - BRONCE CROMADO,"• Código: CC.RM.B
• BRONCE CROMADO",0,0,https://rc-conversiones.vercel.app/images/productos/cc-rm-b.webp,0,65
CC.R.B,Grifería,Canillas Rebatibles,Canilla P/Cocina Rebatible - BRONCE CROMADO,"Canilla P/Cocina Rebatible - BRONCE CROMADO. Accesorio para instalaciones de agua, cocina o baño en espacios compactos.",Canilla P/Cocina Rebatible - BRONCE CROMADO,"• Código: CC.R.B
• BRONCE CROMADO",0,0,https://rc-conversiones.vercel.app/images/productos/cc-r-b.webp,0,65
BA.SH.12,Agua,Bombas de Agua SHURFLO,Bomba de agua SHURFLO 12v,"Bomba de agua SHURFLO 12v. Componente para almacenamiento, circulación, medición o descarga de agua en el motorhome.",Bomba de agua SHURFLO 12v - 11.3L - Automatica,"• Código: BA.SH.12
• 11.3L
• Automatica",0,0,https://rc-conversiones.vercel.app/images/productos/ba-sh-12.webp,0,66
BA.SH.24,Agua,Bombas de Agua SHURFLO,Bomba de agua SHURFLO 24v,"Bomba de agua SHURFLO 24v. Componente para almacenamiento, circulación, medición o descarga de agua en el motorhome.",Bomba de agua SHURFLO 24v - 11.3L - Automatica,"• Código: BA.SH.24
• 11.3L
• Automatica",0,0,https://rc-conversiones.vercel.app/images/productos/ba-sh-24.webp,0,66
BA.SH.F,Agua,Bombas de Agua SHURFLO,Filtro P/Bomba de Agua SHURFLO,"Filtro P/Bomba de Agua SHURFLO. Componente para almacenamiento, circulación, medición o descarga de agua en el motorhome.",Filtro P/Bomba de Agua SHURFLO,• Código: BA.SH.F,0,0,https://rc-conversiones.vercel.app/images/productos/ba-sh-f.webp,0,66
BA.SH.P,Agua,Bombas de Agua SHURFLO,"Pico Adaptador P/Bomba de Agua SHURFLO - Rosca 1/2"" a Manguera","Pico Adaptador P/Bomba de Agua SHURFLO - Rosca 1/2"" a Manguera. Componente para almacenamiento, circulación, medición o descarga de agua en el motorhome.","Pico Adaptador P/Bomba de Agua SHURFLO  - Rosca 1/2"" a Manguera","• Código: BA.SH.P
• Rosca 1/2"" a Manguera",0,0,https://rc-conversiones.vercel.app/images/productos/ba-sh-p.webp,0,66
BA.S4.12,Agua,Bombas de Agua SEAFLO,Bomba de Agua SEAFLO 12v,"Bomba de Agua SEAFLO 12v. Componente para almacenamiento, circulación, medición o descarga de agua en el motorhome.",Bomba de Agua SEAFLO 12v - 4.5L - Automatica - 1.2 GPM / 35 PSI,"• Código: BA.S4.12
• 4.5L
• Automatica
• 1.2 GPM / 35 PSI",0,0,https://rc-conversiones.vercel.app/images/productos/ba-s4-12.webp,0,66
BA.S56.12,Agua,Bombas de Agua SEAFLO,Bomba de Agua SEAFLO 12v,"Bomba de Agua SEAFLO 12v. Componente para almacenamiento, circulación, medición o descarga de agua en el motorhome.",Bomba de Agua SEAFLO 12v - 5.6L - Automatica - 1.5 GPM / 40 PSI,"• Código: BA.S56.12
• 5.6L
• Automatica
• 1.5 GPM / 40 PSI",0,0,https://rc-conversiones.vercel.app/images/productos/ba-s56-12.webp,0,66
BA.S13.12,Agua,Bombas de Agua SEAFLO,Bomba de Agua SEAFLO 12v,"Bomba de Agua SEAFLO 12v. Componente para almacenamiento, circulación, medición o descarga de agua en el motorhome.",Bomba de Agua SEAFLO 12v - 13.2L - Automatica - 3.5 GPM / 45 PSI,"• Código: BA.S13.12
• 13.2L
• Automatica
• 3.5 GPM / 45 PSI",0,0,https://rc-conversiones.vercel.app/images/productos/ba-s13-12.webp,0,66
BA.S17.12,Agua,Bombas de Agua SEAFLO,Bomba de Agua SEAFLO 12v,"Bomba de Agua SEAFLO 12v. Componente para almacenamiento, circulación, medición o descarga de agua en el motorhome.",Bomba de Agua SEAFLO 12v -  17L - Automatica - 4.5GPM / 40 PSI,"• Código: BA.S17.12
• 17L
• Automatica
• 4.5GPM / 40 PSI",0,0,https://rc-conversiones.vercel.app/images/productos/ba-s17-12.webp,0,66
BA.S17.24,Agua,Bombas de Agua SEAFLO,Bomba de Agua SEAFLO 24v,"Bomba de Agua SEAFLO 24v. Componente para almacenamiento, circulación, medición o descarga de agua en el motorhome.",Bomba de Agua SEAFLO 24v -  17L - Automatica - 4.5GPM / 40 PSI,"• Código: BA.S17.24
• 17L
• Automatica
• 4.5GPM / 40 PSI",0,0,https://rc-conversiones.vercel.app/images/productos/ba-s17-24.webp,0,67
BA.S45.12,Agua,Bombas de Agua SEAFLO,Bomba de agua SEAFLO 12v,"Bomba de agua SEAFLO 12v. Componente para almacenamiento, circulación, medición o descarga de agua en el motorhome.",Bomba de agua SEAFLO 12v - 45L Trituradora/Maseradora P/Aguas Negras,"• Código: BA.S45.12
• 45L Trituradora/Maseradora P/Aguas Negras",0,0,https://rc-conversiones.vercel.app/images/productos/ba-s45-12.webp,0,67
BA.4.12,Agua,Bombas de Agua SINGFLO,Bomba de agua SINGFLO 12v,"Bomba de agua SINGFLO 12v. Componente para almacenamiento, circulación, medición o descarga de agua en el motorhome.","Bomba de agua SINGFLO 12v - 4,3L","• Código: BA.4.12
• 4,3L",0,0,https://rc-conversiones.vercel.app/images/productos/ba-4-12.webp,0,67
BA.6.12,Agua,Bombas de Agua SINGFLO,Bomba de agua SINGFLO 12v,"Bomba de agua SINGFLO 12v. Componente para almacenamiento, circulación, medición o descarga de agua en el motorhome.",Bomba de agua SINGFLO 12v - 6L,"• Código: BA.6.12
• 6L",0,0,https://rc-conversiones.vercel.app/images/productos/ba-6-12.webp,0,67
BAT.49.12,Agua,Bombas de Agua SINGFLO,Bomba de agua SINGFLO 12v,"Bomba de agua SINGFLO 12v. Componente para almacenamiento, circulación, medición o descarga de agua en el motorhome.","Bomba de agua SINGFLO 12v - 49,2L Trituradora/Maseradora P/Aguas Negras","• Código: BAT.49.12
• 49,2L Trituradora/Maseradora P/Aguas Negras",0,0,https://rc-conversiones.vercel.app/images/productos/bat-49-12.webp,0,67
TA,Agua,Tanques Acumuladores,Tanque Acumulador FIVE OCEANS - Pulmon de Agua,"Tanque Acumulador FIVE OCEANS - Pulmon de Agua. Componente para almacenamiento, circulación, medición o descarga de agua en el motorhome.",Tanque Acumulador FIVE OCEANS - Pulmon de Agua,"• Código: TA
• Pulmon de Agua",0,0,https://rc-conversiones.vercel.app/images/productos/ta.webp,0,67
TAG,Agua,Tanques Acumuladores,Tanque Acumulador SAILINGFLO - Pulmon de Agua,"Tanque Acumulador SAILINGFLO - Pulmon de Agua. Componente para almacenamiento, circulación, medición o descarga de agua en el motorhome.",Tanque Acumulador SAILINGFLO - Pulmon de Agua,"• Código: TAG
• Pulmon de Agua",0,0,https://rc-conversiones.vercel.app/images/productos/tag.webp,0,67
LEE.3,Agua,Llaves Exclusas Electricas,"Llave exclusa Electrica 3""","Llave exclusa Electrica 3"". Componente para almacenamiento, circulación, medición o descarga de agua en el motorhome.","Llave exclusa Electrica 3""",• Código: LEE.3,0,0,https://rc-conversiones.vercel.app/images/productos/lee-3.webp,0,68
LE.3.C,Agua,Llaves Exclusas con Cable,"Llave exclusa 3"" C/cable 180 cm","Llave exclusa 3"" C/cable 180 cm. Componente para almacenamiento, circulación, medición o descarga de agua en el motorhome.","Llave exclusa 3"" C/cable 180 cm",• Código: LE.3.C,0,0,https://rc-conversiones.vercel.app/images/productos/le-3-c.webp,0,68
LE.112.C,Agua,Llaves Exclusas con Cable,"Llave exclusa 1 1/2"" C/Cable 180 cm","Llave exclusa 1 1/2"" C/Cable 180 cm. Componente para almacenamiento, circulación, medición o descarga de agua en el motorhome.","Llave exclusa 1 1/2"" C/Cable 180 cm",• Código: LE.112.C,0,0,https://rc-conversiones.vercel.app/images/productos/le-112-c.webp,0,68
LE.3,Agua,Llaves Exclusas,"Llave exclusa 3""","Llave exclusa 3"". Componente para almacenamiento, circulación, medición o descarga de agua en el motorhome.","Llave exclusa 3""",• Código: LE.3,0,0,https://rc-conversiones.vercel.app/images/productos/le-3.webp,0,68
LE.112,Agua,Llaves Exclusas,"Llave exclusa 1 1/2""","Llave exclusa 1 1/2"". Componente para almacenamiento, circulación, medición o descarga de agua en el motorhome.","Llave exclusa 1 1/2""",• Código: LE.112,0,0,https://rc-conversiones.vercel.app/images/productos/le-112.webp,0,68
AT.LE.3,Agua,Acoples para Llaves Exclusas,"Acople de Tanque de Agua a Llave Exclusa 3""","Acople de Tanque de Agua a Llave Exclusa 3"". Componente para almacenamiento, circulación, medición o descarga de agua en el motorhome.","Acople de Tanque de Agua a Llave Exclusa 3""",• Código: AT.LE.3,0,0,https://rc-conversiones.vercel.app/images/productos/at-le-3.webp,0,68
AT.LE.112,Agua,Acoples para Llaves Exclusas,"Acople de Tanque de Agua a Llave Exclusa 1 1/2""","Acople de Tanque de Agua a Llave Exclusa 1 1/2"". Componente para almacenamiento, circulación, medición o descarga de agua en el motorhome.","Acople de Tanque de Agua a Llave Exclusa 1 1/2""",• Código: AT.LE.112,0,0,https://rc-conversiones.vercel.app/images/productos/at-le-112.webp,0,68
MT.1T,Agua,Medidores para Tanques de Agua,Medidor Tactil P/1 Tanque de Agua,"Medidor Tactil P/1 Tanque de Agua. Componente para almacenamiento, circulación, medición o descarga de agua en el motorhome.",Medidor Tactil P/1 Tanque de Agua - 12v 24v,"• Código: MT.1T
• 12v 24v",0,0,https://rc-conversiones.vercel.app/images/productos/mt-1t.webp,0,69
MT.2T,Agua,Medidores para Tanques de Agua,Medidor Tactil P/2 Tanques de Agua,"Medidor Tactil P/2 Tanques de Agua. Componente para almacenamiento, circulación, medición o descarga de agua en el motorhome.",Medidor Tactil P/2 Tanques de Agua - 12v 24v,"• Código: MT.2T
• 12v 24v",0,0,https://rc-conversiones.vercel.app/images/productos/mt-2t.webp,0,69
MT.3T,Agua,Medidores para Tanques de Agua,Medidor Tactil P/3 Tanques de Agua,"Medidor Tactil P/3 Tanques de Agua. Componente para almacenamiento, circulación, medición o descarga de agua en el motorhome.",Medidor Tactil P/3 Tanques de Agua - 12v 24v,"• Código: MT.3T
• 12v 24v",0,0,https://rc-conversiones.vercel.app/images/productos/mt-3t.webp,0,69
MT.1,Agua,Medidores para Tanques de Agua,Medidor P/1 Tanque de Agua,"Medidor P/1 Tanque de Agua. Componente para almacenamiento, circulación, medición o descarga de agua en el motorhome.",Medidor P/1 Tanque de Agua - 12v,"• Código: MT.1
• 12v",0,0,https://rc-conversiones.vercel.app/images/productos/mt-1.webp,0,69
MT.2,Agua,Medidores para Tanques de Agua,Medidor P/2 Tanques de Agua,"Medidor P/2 Tanques de Agua. Componente para almacenamiento, circulación, medición o descarga de agua en el motorhome.",Medidor P/2 Tanques de Agua - 12v,"• Código: MT.2
• 12v",0,0,https://rc-conversiones.vercel.app/images/productos/mt-2.webp,0,69
MT.3,Agua,Medidores para Tanques de Agua,Medidor P/3 Tanques de Agua,"Medidor P/3 Tanques de Agua. Componente para almacenamiento, circulación, medición o descarga de agua en el motorhome.",Medidor P/3 Tanques de Agua - 12v,"• Código: MT.3
• 12v",0,0,https://rc-conversiones.vercel.app/images/productos/mt-3.webp,0,69
MT.4,Agua,Medidores para Tanques de Agua,Medidor P/4 Tanques de Agua,"Medidor P/4 Tanques de Agua. Componente para almacenamiento, circulación, medición o descarga de agua en el motorhome.",Medidor P/4 Tanques de Agua - 12v,"• Código: MT.4
• 12v",0,0,https://rc-conversiones.vercel.app/images/productos/mt-4.webp,0,69
TTL.112.NR,Agua,Tapas de Tanque para Ingreso de Agua,"Tapa de Tanque de Agua C/Llave 1 1/2"" + Boca de Venteo - REIMO","Tapa de Tanque de Agua C/Llave 1 1/2"" + Boca de Venteo - REIMO. Componente para almacenamiento, circulación, medición o descarga de agua en el motorhome.","Tapa de Tanque de Agua C/Llave 1 1/2"" + Boca de Venteo - REIMO - NEGRA","• Código: TTL.112.NR
• REIMO
• NEGRA",0,0,https://rc-conversiones.vercel.app/images/productos/ttl-112-nr.webp,0,69
TTL.112.SB,Agua,Tapas de Tanque para Ingreso de Agua,"Tapa de Tanque de Agua C/Llave 1"" - SEAFLO BLANCA","Tapa de Tanque de Agua C/Llave 1"" - SEAFLO BLANCA. Componente para almacenamiento, circulación, medición o descarga de agua en el motorhome.","Tapa de Tanque de Agua C/Llave 1"" - SEAFLO BLANCA","• Código: TTL.112.SB
• SEAFLO BLANCA",0,0,https://rc-conversiones.vercel.app/images/productos/ttl-112-sb.webp,0,70
TTL.112.B,Agua,Tapas de Tanque para Ingreso de Agua,"Tapa de Tanque de Agua C/Llave 1 1/2""","Tapa de Tanque de Agua C/Llave 1 1/2"". Componente para almacenamiento, circulación, medición o descarga de agua en el motorhome.","Tapa de Tanque de Agua C/Llave 1 1/2"" - BLANCA","• Código: TTL.112.B
• BLANCA",0,0,https://rc-conversiones.vercel.app/images/productos/ttl-112-b.webp,0,70
TTT.112.B,Agua,Tapas de Tanque para Ingreso de Agua,"Tapa de Tanque de Agua C/Traba 1 1/2"" - BLANCA C/AZUL","Tapa de Tanque de Agua C/Traba 1 1/2"" - BLANCA C/AZUL. Componente para almacenamiento, circulación, medición o descarga de agua en el motorhome.","Tapa de Tanque de Agua C/Traba 1 1/2"" - BLANCA C/AZUL","• Código: TTT.112.B
• BLANCA C/AZUL",0,0,https://rc-conversiones.vercel.app/images/productos/ttt-112-b.webp,0,70
TT.112.NR,Agua,Tapas de Tanque para Ingreso de Agua,"Tapa de Tanque de Agua 1 1/2""","Tapa de Tanque de Agua 1 1/2"". Componente para almacenamiento, circulación, medición o descarga de agua en el motorhome.","Tapa de Tanque de Agua 1 1/2"" - NEGRA - REFORZADA","• Código: TT.112.NR
• NEGRA
• REFORZADA",0,0,https://rc-conversiones.vercel.app/images/productos/tt-112-nr.webp,0,70
TT.112.B,Agua,Tapas de Tanque para Ingreso de Agua,"Tapa de Tanque de Agua 1 1/2""","Tapa de Tanque de Agua 1 1/2"". Componente para almacenamiento, circulación, medición o descarga de agua en el motorhome.","Tapa de Tanque de Agua 1 1/2"" - BLANCA","• Código: TT.112.B
• BLANCA",0,0,https://rc-conversiones.vercel.app/images/productos/tt-112-b.webp,0,70
TT.112.N,Agua,Tapas de Tanque para Ingreso de Agua,"Tapa de Tanque de Agua 1 1/2""","Tapa de Tanque de Agua 1 1/2"". Componente para almacenamiento, circulación, medición o descarga de agua en el motorhome.","Tapa de Tanque de Agua 1 1/2"" - NEGRA","• Código: TT.112.N
• NEGRA",0,0,https://rc-conversiones.vercel.app/images/productos/tt-112-n.webp,0,70
TAB.40,Agua,Tanques de Aguas Blancas,Tanque de Aguas Blancas 40L,"Tanque de Aguas Blancas 40L. Componente para almacenamiento, circulación, medición o descarga de agua en el motorhome.",Tanque de Aguas Blancas 40L - 77x49x12 cm,"• Código: TAB.40
• 77x49x12 cm",0,0,https://rc-conversiones.vercel.app/images/productos/tab-40.webp,0,70
TAB.45,Agua,Tanques de Aguas Blancas,Tanque de Aguas Blancas 45L,"Tanque de Aguas Blancas 45L. Componente para almacenamiento, circulación, medición o descarga de agua en el motorhome.",Tanque de Aguas Blancas 45L - 110x33x14 cm - C/Rompeolas,"• Código: TAB.45
• 110x33x14 cm
• C/Rompeolas",0,0,https://rc-conversiones.vercel.app/images/productos/tab-45.webp,0,70
TAB.55,Agua,Tanques de Aguas Blancas,Tanque de Aguas Blancas 55L,"Tanque de Aguas Blancas 55L. Componente para almacenamiento, circulación, medición o descarga de agua en el motorhome.",Tanque de Aguas Blancas 55L - 62x32x31 cm,"• Código: TAB.55
• 62x32x31 cm",0,0,https://rc-conversiones.vercel.app/images/productos/tab-55.webp,0,71
TAB.63,Agua,Tanques de Aguas Blancas,Tanque de Aguas Blancas 63L,"Tanque de Aguas Blancas 63L. Componente para almacenamiento, circulación, medición o descarga de agua en el motorhome.",Tanque de Aguas Blancas 63L - 52X49X27 cm,"• Código: TAB.63
• 52X49X27 cm",0,0,https://rc-conversiones.vercel.app/images/productos/tab-63.webp,0,71
TAB.56,Agua,Tanques de Aguas Blancas,Tanque de Aguas Blancas 56L,"Tanque de Aguas Blancas 56L. Componente para almacenamiento, circulación, medición o descarga de agua en el motorhome.",Tanque de Aguas Blancas 56L - 91x49x17 cm  - C/Rompeolas,"• Código: TAB.56
• 91x49x17 cm
• C/Rompeolas",0,0,https://rc-conversiones.vercel.app/images/productos/tab-56.webp,0,71
TAB.80,Agua,Tanques de Aguas Blancas,Tanque de Aguas Blancas 80L,"Tanque de Aguas Blancas 80L. Componente para almacenamiento, circulación, medición o descarga de agua en el motorhome.",Tanque de Aguas Blancas 80L - 76x49x24 cm,"• Código: TAB.80
• 76x49x24 cm",0,0,https://rc-conversiones.vercel.app/images/productos/tab-80.webp,0,71
TAB.90,Agua,Tanques de Aguas Blancas,Tanque de Aguas Blancas 90L,"Tanque de Aguas Blancas 90L. Componente para almacenamiento, circulación, medición o descarga de agua en el motorhome.",Tanque de Aguas Blancas 90L - 75x52x27 cm - C/Rompeolas,"• Código: TAB.90
• 75x52x27 cm
• C/Rompeolas",0,0,https://rc-conversiones.vercel.app/images/productos/tab-90.webp,0,71
TAB.92,Agua,Tanques de Aguas Blancas,Tanque de Aguas Blancas 92L,"Tanque de Aguas Blancas 92L. Componente para almacenamiento, circulación, medición o descarga de agua en el motorhome.",Tanque de Aguas Blancas 92L - 79x58x23cm,"• Código: TAB.92
• 79x58x23cm",0,0,https://rc-conversiones.vercel.app/images/productos/tab-92.webp,0,71
TAB.100,Agua,Tanques de Aguas Blancas,Tanque de Aguas Blancas 100L,"Tanque de Aguas Blancas 100L. Componente para almacenamiento, circulación, medición o descarga de agua en el motorhome.",Tanque de Aguas Blancas 100L - 85x44x31 cm - C/rompeolas,"• Código: TAB.100
• 85x44x31 cm
• C/rompeolas",0,0,https://rc-conversiones.vercel.app/images/productos/tab-100.webp,0,71
TAB.127,Agua,Tanques de Aguas Blancas,Tanque de Aguas Blancas 127L,"Tanque de Aguas Blancas 127L. Componente para almacenamiento, circulación, medición o descarga de agua en el motorhome.",Tanque de Aguas Blancas 127L - 116x66x19 cm - C/rompeolas,"• Código: TAB.127
• 116x66x19 cm
• C/rompeolas",0,0,https://rc-conversiones.vercel.app/images/productos/tab-127.webp,0,71
TAB.130,Agua,Tanques de Aguas Blancas,Tanque de Aguas Blancas 130L,"Tanque de Aguas Blancas 130L. Componente para almacenamiento, circulación, medición o descarga de agua en el motorhome.",Tanque de Aguas Blancas 130L - 99x45x33 cm,"• Código: TAB.130
• 99x45x33 cm",0,0,https://rc-conversiones.vercel.app/images/productos/tab-130.webp,0,72
TAB.150,Agua,Tanques de Aguas Blancas,Tanque de Aguas Blancas 150L,"Tanque de Aguas Blancas 150L. Componente para almacenamiento, circulación, medición o descarga de agua en el motorhome.",Tanque de Aguas Blancas 150L - 83x53x37 cm - C/Rompeolas,"• Código: TAB.150
• 83x53x37 cm
• C/Rompeolas",0,0,https://rc-conversiones.vercel.app/images/productos/tab-150.webp,0,72
TAB.235,Agua,Tanques de Aguas Blancas,Tanque de Aguas Blancas 235L,"Tanque de Aguas Blancas 235L. Componente para almacenamiento, circulación, medición o descarga de agua en el motorhome.",Tanque de Aguas Blancas 235L - 88x60x48 cm,"• Código: TAB.235
• 88x60x48 cm",0,0,https://rc-conversiones.vercel.app/images/productos/tab-235.webp,0,72
TAB.350,Agua,Tanques de Aguas Blancas,Tanque de Aguas Blancas 350L,"Tanque de Aguas Blancas 350L. Componente para almacenamiento, circulación, medición o descarga de agua en el motorhome.",Tanque de Aguas Blancas 350L - 116x75x49 cm,"• Código: TAB.350
• 116x75x49 cm",0,0,https://rc-conversiones.vercel.app/images/productos/tab-350.webp,0,72
TAB.450,Agua,Tanques de Aguas Blancas,Tanque de Aguas Blancas 450L,"Tanque de Aguas Blancas 450L. Componente para almacenamiento, circulación, medición o descarga de agua en el motorhome.",Tanque de Aguas Blancas 450L - 118x148x29 cm - C/Rompeolas,"• Código: TAB.450
• 118x148x29 cm
• C/Rompeolas",0,0,https://rc-conversiones.vercel.app/images/productos/tab-450.webp,0,72
TAB.73.S,Agua,Tanques de Aguas Blancas,Tanque de Aguas Blancas 73L,"Tanque de Aguas Blancas 73L. Componente para almacenamiento, circulación, medición o descarga de agua en el motorhome.",Tanque de Aguas Blancas 73L - 135x30x21 cm - SPRINTER 416 Lado Conductor,"• Código: TAB.73.S
• 135x30x21 cm
• SPRINTER 416 Lado Conductor",0,0,https://rc-conversiones.vercel.app/images/productos/tab-73-s.webp,0,72
TAB.125.S,Agua,Tanques de Aguas Blancas,Tanque de Aguas Blancas 125L,"Tanque de Aguas Blancas 125L. Componente para almacenamiento, circulación, medición o descarga de agua en el motorhome.",Tanque de Aguas Blancas 125L - 92x62x38 - 5x29x53 cm - SPRINTER Pasaruedas,"• Código: TAB.125.S
• 92x62x38
• 5x29x53 cm
• SPRINTER Pasaruedas",0,0,https://rc-conversiones.vercel.app/images/productos/tab-125-s.webp,0,72
TAB.151.S,Agua,Tanques de Aguas Blancas,Tanque de Aguas Blancas 151L,"Tanque de Aguas Blancas 151L. Componente para almacenamiento, circulación, medición o descarga de agua en el motorhome.","Tanque de Aguas Blancas 151L - 159x40x30 - 101x40x10 cm - SPRINTER ""U""","• Código: TAB.151.S
• 159x40x30
• 101x40x10 cm
• SPRINTER ""U""",0,0,https://rc-conversiones.vercel.app/images/productos/tab-151-s.webp,0,72
TAN.63,Agua,Tanques de Aguas Negras,Tanque de Aguas Negras 63L,"Tanque de Aguas Negras 63L. Componente para almacenamiento, circulación, medición o descarga de agua en el motorhome.",Tanque de Aguas Negras 63L - 52x49x27 cm,"• Código: TAN.63
• 52x49x27 cm",0,0,https://rc-conversiones.vercel.app/images/productos/tan-63.webp,0,73
TAN.80,Agua,Tanques de Aguas Negras,Tanque de Aguas Negras 80 L,"Tanque de Aguas Negras 80 L. Componente para almacenamiento, circulación, medición o descarga de agua en el motorhome.",Tanque de Aguas Negras 80 L - 76x49x24 cm,"• Código: TAN.80
• 76x49x24 cm",0,0,https://rc-conversiones.vercel.app/images/productos/tan-80.webp,0,73
TAN.90,Agua,Tanques de Aguas Negras,Tanque de Aguas Negras 90L,"Tanque de Aguas Negras 90L. Componente para almacenamiento, circulación, medición o descarga de agua en el motorhome.",Tanque de Aguas Negras 90L - 75x52x27 cm,"• Código: TAN.90
• 75x52x27 cm",0,0,https://rc-conversiones.vercel.app/images/productos/tan-90.webp,0,73
TAN.100,Agua,Tanques de Aguas Negras,Tanque de Aguas Negras 100L,"Tanque de Aguas Negras 100L. Componente para almacenamiento, circulación, medición o descarga de agua en el motorhome.",Tanque de Aguas Negras 100L - 85x44x31 cm,"• Código: TAN.100
• 85x44x31 cm",0,0,https://rc-conversiones.vercel.app/images/productos/tan-100.webp,0,73
TAN.130,Agua,Tanques de Aguas Negras,Tanque de Aguas Negras 130L,"Tanque de Aguas Negras 130L. Componente para almacenamiento, circulación, medición o descarga de agua en el motorhome.",Tanque de Aguas Negras 130L - 99x45x33 cm,"• Código: TAN.130
• 99x45x33 cm",0,0,https://rc-conversiones.vercel.app/images/productos/tan-130.webp,0,73
TAN.140,Agua,Tanques de Aguas Negras,Tanque de Aguas Negras 140L,"Tanque de Aguas Negras 140L. Componente para almacenamiento, circulación, medición o descarga de agua en el motorhome.",Tanque de Aguas Negras 140L - 69x69x30 cm,"• Código: TAN.140
• 69x69x30 cm",0,0,https://rc-conversiones.vercel.app/images/productos/tan-140.webp,0,73
TAN.235,Agua,Tanques de Aguas Negras,Tanque de Aguas Negras 235L,"Tanque de Aguas Negras 235L. Componente para almacenamiento, circulación, medición o descarga de agua en el motorhome.",Tanque de Aguas Negras 235L - 88x60x48 cm,"• Código: TAN.235
• 88x60x48 cm",0,0,https://rc-conversiones.vercel.app/images/productos/tan-235.webp,0,73
TAN.350,Agua,Tanques de Aguas Negras,Tanque de Aguas Negras 350L,"Tanque de Aguas Negras 350L. Componente para almacenamiento, circulación, medición o descarga de agua en el motorhome.",Tanque de Aguas Negras 350L - 116x75x49 cm,"• Código: TAN.350
• 116x75x49 cm",0,0,https://rc-conversiones.vercel.app/images/productos/tan-350.webp,0,73
